,pokemonId,latitude,longitude,appearedLocalTime,_id,cellId_90m,cellId_180m,cellId_370m,cellId_730m,cellId_1460m,cellId_2920m,cellId_5850m,appearedTimeOfDay,terrainType,closeToWater,city,continent,weather,temperature,windSpeed,windBearing,pressure,weatherIcon,sunriseMinutesMidnight,sunriseHour,sunriseMinute,sunriseMinutesSince,sunsetMinutesMidnight,sunsetHour,sunsetMinute,sunsetMinutesBefore,population_density,urban,suburban,midurban,rural,gymDistanceKm,gymIn100m,gymIn250m,gymIn500m,gymIn1000m,gymIn2500m,gymIn5000m,pokestopDistanceKm,pokestopIn100m,pokestopIn250m,pokestopIn500m,pokestopIn1000m,pokestopIn2500m,pokestopIn5000m,cooc_1,cooc_2,cooc_3,cooc_4,cooc_5,cooc_6,cooc_7,cooc_8,cooc_9,cooc_10,cooc_11,cooc_12,cooc_13,cooc_14,cooc_15,cooc_16,cooc_17,cooc_18,cooc_19,cooc_20,cooc_21,cooc_22,cooc_23,cooc_24,cooc_25,cooc_26,cooc_27,cooc_28,cooc_29,cooc_30,cooc_31,cooc_32,cooc_33,cooc_34,cooc_35,cooc_36,cooc_37,cooc_38,cooc_39,cooc_40,cooc_41,cooc_42,cooc_43,cooc_44,cooc_45,cooc_46,cooc_47,cooc_48,cooc_49,cooc_50,cooc_51,cooc_52,cooc_53,cooc_54,cooc_55,cooc_56,cooc_57,cooc_58,cooc_59,cooc_60,cooc_61,cooc_62,cooc_63,cooc_64,cooc_65,cooc_66,cooc_67,cooc_68,cooc_69,cooc_70,cooc_71,cooc_72,cooc_73,cooc_74,cooc_75,cooc_76,cooc_77,cooc_78,cooc_79,cooc_80,cooc_81,cooc_82,cooc_83,cooc_84,cooc_85,cooc_86,cooc_87,cooc_88,cooc_89,cooc_90,cooc_91,cooc_92,cooc_93,cooc_94,cooc_95,cooc_96,cooc_97,cooc_98,cooc_99,cooc_100,cooc_101,cooc_102,cooc_103,cooc_104,cooc_105,cooc_106,cooc_107,cooc_108,cooc_109,cooc_110,cooc_111,cooc_112,cooc_113,cooc_114,cooc_115,cooc_116,cooc_117,cooc_118,cooc_119,cooc_120,cooc_121,cooc_122,cooc_123,cooc_124,cooc_125,cooc_126,cooc_127,cooc_128,cooc_129,cooc_130,cooc_131,cooc_132,cooc_133,cooc_134,cooc_135,cooc_136,cooc_137,cooc_138,cooc_139,cooc_140,cooc_141,cooc_142,cooc_143,cooc_144,cooc_145,cooc_146,cooc_147,cooc_148,cooc_149,cooc_150,cooc_151,class
0,16,20.525745,-97.460829,2016/09/08/03/57/45,NTgxMDkzOTk4MTM5MjUwMjIzNw==,9.64514e+18,9.64514e+18,9.64514e+18,9.64514e+18,9.64514e+18,9.64514e+18,9.64514e+18,night,14,0,Mexico_City,America,Foggy,25.5,4.79,269,1018.02,fog,436,7,16,941,1181,19,41,-196,2431.2341,1,1,1,0,0.049869,1,1,1,1,1,1,0.081776,1,1,1,1,1,1,1,0,0,0,0,0,0,0,0,0,0,0,0,0,0,0,0,0,1,0,0,0,0,0,0,0,0,0,0,0,0,1,0,0,0,0,0,0,0,0,0,0,0,0,0,0,0,0,0,0,0,0,0,0,0,0,0,0,0,0,0,0,0,0,0,0,0,0,0,0,0,0,0,0,0,0,0,0,0,0,0,0,0,0,0,0,0,0,0,0,0,0,0,0,0,0,0,0,0,0,0,0,0,0,0,0,0,0,0,0,0,0,0,0,0,0,0,0,0,0,0,0,0,0,0,0,0,0,0,0,0,0,0,0,0,0,0,0,0,0,0,0,0,0,0,0,0,0,0,0,0,16
1,133,20.523695,-97.461167,2016/09/08/03/57/37,OTQ1NDgzODc1MjM3NDEzMTI2MQ==,9.64514e+18,9.64514e+18,9.64514e+18,9.64514e+18,9.64514e+18,9.64514e+18,9.64514e+18,night,14,0,Mexico_City,America,Foggy,25.5,4.79,269,1018.02,fog,436,7,16,941,1181,19,41,-196,2431.2341,1,1,1,0,0.259156,0,0,1,1,1,1,0.195622,0,1,1,1,1,1,0,0,0,0,0,0,0,0,0,0,0,0,1,0,0,0,0,0,1,0,0,0,0,0,0,0,0,0,0,0,0,1,0,0,0,0,0,0,0,0,0,0,0,0,0,1,0,0,0,0,0,0,0,0,0,0,0,0,0,0,0,0,0,0,0,0,0,0,0,0,0,0,0,0,0,0,0,0,0,0,0,0,0,0,0,0,0,0,0,0,0,0,0,0,0,0,0,0,0,0,0,1,0,0,0,0,0,0,0,0,0,0,0,0,0,0,0,0,0,0,0,0,0,0,0,0,0,0,0,0,0,0,0,0,0,0,0,0,0,0,0,0,0,0,0,0,0,0,0,0,0,133
2,16,38.90359,-77.19978,2016/09/08/03/57/25,NTQ0OTQ0NDA1Nzg2ODg3OTg2OQ==,9.9232e+18,9.9232e+18,9.9232e+18,9.9232e+18,9.9232e+18,9.9232e+18,9.9232e+18,night,13,0,New_York,America,Clear,24.2,4.29,218,1015.29,clear-night,404,6,44,1033,1171,19,31,-266,761.8856,0,1,1,0,0.489886,0,0,1,1,1,1,0.338602,0,0,1,1,1,1,0,0,0,0,0,0,0,0,0,0,0,0,1,0,0,0,0,0,0,0,0,0,0,0,0,0,0,0,0,0,0,1,0,0,0,0,0,0,0,0,0,0,0,0,0,0,0,0,0,0,0,0,0,0,0,0,0,0,0,0,0,0,0,0,0,0,0,0,0,0,0,0,0,0,0,0,0,0,0,0,0,0,0,0,0,0,0,0,0,0,0,0,0,0,0,0,0,0,0,0,0,0,0,0,0,0,0,0,0,0,0,0,0,0,0,0,0,0,0,0,0,0,0,0,0,0,0,1,0,0,0,0,0,0,0,0,0,0,0,0,0,0,0,0,0,0,0,0,0,0,0,16
3,13,47.665903,-122.31256100000002,2016/09/08/03/56/22,NTU2MTU1NDM4NzA2MDk1MDcxNw==,6.09339e+18,6.09339e+18,6.09339e+18,6.09339e+18,6.09339e+18,6.09339e+18,6.09339e+18,night,0,1,Los_Angeles,America,PartlyCloudy,15.6,5.84,160,1020.52,partly-cloudy-night,398,6,38,858,1179,19,39,-77,4842.1626,1,1,1,0,0.359309,0,0,1,1,1,1,0.10947899999999999,0,1,1,1,1,1,0,0,0,0,0,0,0,0,0,0,0,0,0,0,0,0,0,0,0,0,0,0,0,0,0,0,0,0,0,0,0,0,0,0,0,0,0,0,0,0,0,0,0,0,0,0,0,0,0,0,0,0,0,0,0,0,0,0,0,0,0,0,0,0,0,0,0,0,0,0,0,0,0,0,0,0,0,0,0,0,0,0,0,0,0,0,0,0,0,0,0,0,0,0,0,0,0,0,0,0,0,0,0,0,0,0,0,0,0,0,0,0,0,0,0,0,0,0,0,0,0,0,0,0,0,0,0,0,0,0,0,0,0,0,0,0,0,0,0,0,0,0,0,0,0,0,0,0,0,0,0,13
4,133,47.666453999999995,-122.311628,2016/09/08/03/56/08,MTY2ODg4MTAzMTczMDE0MTUwNTM=,6.09339e+18,6.09339e+18,6.09339e+18,6.09339e+18,6.09339e+18,6.09339e+18,6.09339e+18,night,0,1,Los_Angeles,America,PartlyCloudy,15.6,5.84,160,1020.52,partly-cloudy-night,398,6,38,858,1179,19,39,-77,4842.1626,1,1,1,0,0.21054299999999998,0,1,1,1,1,1,0.040364,1,1,1,1,1,1,0,0,0,0,0,0,0,0,0,0,0,0,0,0,0,0,0,0,0,0,0,0,0,0,0,0,0,0,0,0,0,0,0,0,0,0,0,0,0,0,0,0,0,0,0,0,0,0,0,0,0,0,0,0,0,0,0,0,0,0,0,0,0,0,0,0,0,0,0,0,0,0,0,0,0,0,0,0,0,0,0,0,0,0,0,0,0,0,0,0,0,0,0,0,0,0,0,0,0,0,0,0,0,0,0,0,0,0,0,0,0,0,0,0,0,0,0,0,0,0,0,0,0,0,0,0,0,0,0,0,0,0,0,0,0,0,0,0,0,0,0,0,0,0,0,0,0,0,0,0,0,133
5,21,-31.95498,115.853609,2016/09/08/03/55/58,MTA4NTIwMDE5MjEzOTQ0ODEzNDE=,3.0407e+18,3.0407e+18,3.0407e+18,3.0407e+18,3.0407e+18,3.0407e+18,3.0407e+18,night,13,0,Perth,Australia,PartlyCloudy,16.5,6.39,218,1024.44,partly-cloudy-day,385,6,25,330,1085,18,5,370,2102.9775,1,1,1,0,0.351346,0,0,1,1,1,1,0.011718000000000001,1,1,1,1,1,1,0,0,0,0,0,0,0,0,0,0,0,0,0,0,0,0,0,0,0,0,0,0,0,0,0,0,0,0,0,0,0,0,0,0,0,0,0,0,0,0,0,0,0,0,0,0,0,0,0,0,0,0,0,0,0,0,0,0,0,0,0,0,0,0,0,0,0,0,0,0,0,0,0,0,0,0,0,0,0,0,0,0,0,0,0,0,0,0,0,0,0,0,0,0,0,0,0,0,0,0,0,0,0,0,0,0,0,0,0,0,0,0,0,0,0,0,0,0,0,0,0,0,0,0,0,0,0,0,0,0,0,0,0,0,0,0,0,0,0,0,0,0,0,0,0,0,0,0,0,0,0,21
6,66,-31.954245,115.852038,2016/09/08/03/55/25,NzMxNzg1MTY2MTI0NzQyNDU4OQ==,3.04067e+18,3.04067e+18,3.04067e+18,3.04067e+18,3.04067e+18,3.04067e+18,3.04067e+18,night,13,0,Perth,Australia,PartlyCloudy,16.5,6.4,218,1024.45,partly-cloudy-day,385,6,25,330,1085,18,5,370,2102.9775,1,1,1,0,0.0634,1,1,1,1,1,1,0.040813999999999996,1,1,1,1,1,1,0,0,0,0,0,0,0,0,0,0,0,0,0,0,0,0,0,0,0,0,0,0,0,0,0,0,0,0,0,0,0,0,0,0,0,0,0,0,0,0,0,0,0,0,0,0,0,0,0,0,0,0,0,0,0,0,0,0,0,0,0,0,0,0,0,0,0,0,0,0,0,0,0,0,0,0,0,0,0,0,0,0,0,0,0,0,0,0,0,0,0,0,0,0,0,0,0,0,0,0,0,0,0,0,0,0,0,0,0,0,0,0,0,0,0,0,0,0,0,0,0,0,0,0,0,0,0,1,1,0,0,0,0,0,0,0,0,0,0,0,0,0,0,0,0,0,0,0,0,0,0,66
7,27,26.235257,-98.197591,2016/09/08/03/55/18,MTIzNDcyNjA3MDA4OTA2ODkwMDU=,9.68432e+18,9.68432e+18,9.68432e+18,9.68432e+18,9.68432e+18,9.68432e+18,9.68432e+18,night,13,0,Chicago,America,Clear,28.0,11.26,142,1016.69,clear-night,436,7,16,939,1187,19,47,-188,849.4422599999999,1,1,1,0,0.818592,0,0,0,1,1,1,0.958176,0,0,0,1,1,1,0,0,0,0,0,0,0,0,0,0,0,0,0,0,0,0,0,0,0,0,0,0,0,0,0,0,0,0,0,0,0,1,0,0,0,0,0,0,0,0,0,0,0,0,0,0,0,0,0,0,0,0,0,0,0,0,0,0,0,0,0,0,0,0,0,0,0,0,0,0,0,0,0,0,0,0,0,0,0,0,0,0,0,0,0,0,0,0,0,0,0,0,0,0,0,0,0,0,0,0,0,0,0,0,0,0,0,0,0,0,0,0,0,0,0,0,0,0,0,0,0,0,0,0,0,0,0,0,0,0,0,0,0,0,0,0,0,0,0,0,0,0,0,0,0,0,0,0,0,0,0,27
8,35,20.525554,-97.4588,2016/09/08/03/55/01,MzcwMjg0NjQwNTA0MTk3MDkyNQ==,9.64514e+18,9.64514e+18,9.64514e+18,9.64514e+18,9.64514e+18,9.64514e+18,9.64514e+18,night,14,0,Mexico_City,America,Foggy,25.5,4.79,269,1018.02,fog,436,7,16,941,1181,19,41,-196,2431.2341,1,1,1,0,0.109303,0,1,1,1,1,1,0.116773,0,1,1,1,1,1,0,0,0,0,0,0,0,0,0,0,0,0,0,0,0,0,0,0,0,0,0,0,0,0,0,0,0,0,0,0,0,1,0,0,0,0,0,0,0,0,1,0,0,0,0,0,0,0,0,0,0,0,0,0,0,0,0,0,0,0,0,0,0,0,0,0,0,0,0,0,0,0,0,0,0,0,0,0,0,0,0,0,0,0,0,0,0,0,0,0,0,0,0,0,0,1,0,0,0,0,0,0,0,0,0,0,0,0,0,0,0,0,0,0,0,0,0,0,0,0,0,0,0,0,0,0,0,1,0,0,0,0,1,0,0,0,0,0,0,0,0,0,0,0,0,0,0,0,0,0,0,35
9,19,32.928558,-84.340278,2016/09/08/03/54/50,NzU5MDI0NzQ4NjYyNjIxMTIyOQ==,9.86837e+18,9.86837e+18,9.86837e+18,9.86837e+18,9.86837e+18,9.86837e+18,9.86837e+18,night,8,0,New_York,America,Clear,23.7,3.94,253,1020.12,clear-night,437,7,17,997,1195,19,55,-239,86.49835999999999,0,0,0,1,1.986877,0,0,0,0,1,1,1.300859,0,0,0,0,1,1,0,0,0,0,0,0,0,0,0,0,0,0,0,0,0,0,0,0,0,0,0,0,0,0,0,0,0,0,0,0,0,0,0,0,0,0,0,0,0,0,0,0,0,0,0,0,0,0,0,0,0,0,0,0,0,0,0,0,0,0,0,0,0,0,0,0,0,0,0,0,0,0,0,0,0,0,0,0,0,0,0,0,0,0,0,0,0,0,0,0,0,0,0,0,0,0,0,0,0,0,0,0,0,0,0,0,0,0,0,0,0,0,0,0,0,0,0,0,0,0,0,0,0,0,0,0,0,0,0,0,0,0,0,0,0,0,0,0,0,0,0,0,0,0,0,0,0,0,0,0,0,19
10,116,32.930646,-84.339867,2016/09/08/03/53/51,OTMyMjg2NzUyOTM5OTEzODE0MQ==,9.86837e+18,9.86837e+18,9.86837e+18,9.86837e+18,9.86837e+18,9.86837e+18,9.86837e+18,night,8,0,New_York,America,Clear,23.7,3.94,253,1020.12,clear-night,437,7,17,997,1195,19,55,-239,86.49835999999999,0,0,0,1,1.751675,0,0,0,0,1,1,1.0892110000000002,0,0,0,0,1,1,0,0,0,0,0,0,0,0,0,0,0,0,0,0,0,0,0,0,0,0,0,0,0,0,0,0,0,0,0,0,0,0,0,0,0,0,0,0,0,0,0,0,0,0,0,0,0,0,0,0,0,0,0,0,0,0,0,0,0,0,0,0,0,0,0,0,0,0,0,0,0,0,0,0,0,0,0,0,0,0,0,0,0,0,0,0,0,0,0,0,0,0,0,0,0,0,0,0,0,0,0,0,0,0,0,0,0,0,0,0,0,0,0,0,0,0,0,0,0,0,0,0,0,0,0,0,0,0,0,0,0,0,0,0,0,0,0,0,0,0,0,0,0,0,0,0,0,0,0,0,0,116
11,74,32.943651,-84.33444300000001,2016/09/08/03/53/42,MTQwNDg2MzcwMjI2OTk2MzQ2MDU=,9.86837e+18,9.86837e+18,9.86837e+18,9.86837e+18,9.86837e+18,9.86837e+18,9.86837e+18,night,8,0,New_York,America,Clear,23.7,3.94,253,1020.12,clear-night,437,7,17,997,1195,19,55,-239,86.49835999999999,0,0,0,1,0.32195,0,0,1,1,1,1,0.511109,0,0,0,1,1,1,0,0,0,0,0,0,0,0,0,0,0,0,0,0,0,0,0,0,0,0,0,0,0,0,0,0,0,0,0,0,0,0,0,0,0,0,0,0,0,0,0,0,0,0,0,0,0,0,0,0,0,0,0,0,0,0,0,0,0,0,0,0,0,0,0,0,0,0,0,0,0,0,0,0,0,0,0,0,0,0,0,0,0,0,0,0,0,0,0,0,0,0,0,0,0,0,0,0,0,0,0,0,0,0,0,0,0,0,0,0,0,0,0,0,0,0,0,0,0,0,0,0,0,0,0,0,0,0,0,0,0,0,0,0,0,0,0,0,0,0,0,0,0,0,0,0,0,0,0,0,0,74
12,16,26.235552000000002,-98.197249,2016/09/08/03/53/40,MTU5OTc0OTgzNTg4MTA4MDE4OQ==,9.68432e+18,9.68432e+18,9.68432e+18,9.68432e+18,9.68432e+18,9.68432e+18,9.68432e+18,night,13,0,Chicago,America,Clear,28.0,11.26,142,1016.69,clear-night,436,7,16,939,1187,19,47,-188,849.4422599999999,1,1,1,0,0.7827569999999999,0,0,0,1,1,1,0.921315,0,0,0,1,1,1,0,0,0,0,0,0,0,0,0,0,0,0,0,0,0,0,0,0,1,0,0,0,0,0,0,0,0,0,0,0,0,1,0,0,0,0,0,0,0,0,0,0,0,0,0,0,0,1,0,0,0,0,0,0,0,0,0,0,0,0,0,0,0,0,0,0,0,0,0,0,0,0,0,0,0,0,0,0,0,0,0,0,0,0,0,0,0,0,0,0,0,0,0,0,0,0,0,0,0,0,0,0,0,0,0,0,0,0,0,0,0,0,0,0,0,0,0,0,0,0,0,0,0,0,0,0,0,0,0,0,0,0,0,0,0,0,0,0,0,0,0,0,0,0,0,0,0,0,0,0,0,16
13,19,20.52577,-97.460237,2016/09/08/03/53/25,MTM4NDc5NDY2MDEzNDAyOTcyMjk=,9.64514e+18,9.64514e+18,9.64514e+18,9.64514e+18,9.64514e+18,9.64514e+18,9.64514e+18,night,14,0,Mexico_City,America,Foggy,25.5,4.79,269,1018.02,fog,436,7,16,941,1181,19,41,-196,2431.2341,1,1,1,0,0.104469,0,1,1,1,1,1,0.11773199999999999,0,1,1,1,1,1,0,0,0,0,0,0,0,0,0,1,0,0,0,0,0,1,1,0,0,0,1,0,0,0,0,0,0,0,0,0,0,1,0,0,0,0,0,0,0,0,0,0,1,0,0,0,0,0,0,0,0,0,0,0,0,0,0,0,0,0,0,0,0,1,0,0,0,0,0,0,0,0,0,1,0,0,0,0,0,0,0,0,0,0,0,0,0,0,0,0,0,0,0,0,0,0,0,0,0,0,0,0,0,0,0,0,0,0,0,0,0,0,0,0,0,0,0,0,0,0,0,0,0,0,0,0,0,0,0,0,0,0,0,0,0,0,0,0,0,0,0,0,0,0,0,0,0,0,0,0,0,19
14,19,26.236029,-98.196908,2016/09/08/03/53/24,NDExMTczODYyOTA1OTQwODg5Mw==,9.68432e+18,9.68432e+18,9.68432e+18,9.68432e+18,9.68432e+18,9.68432e+18,9.68432e+18,night,13,0,Chicago,America,Clear,28.0,11.26,142,1016.69,clear-night,436,7,16,939,1187,19,47,-188,849.4422599999999,1,1,1,0,0.7278279999999999,0,0,0,1,1,1,0.865132,0,0,0,1,1,1,0,0,0,0,0,0,0,0,0,0,0,0,0,0,0,1,0,0,0,0,0,0,0,0,0,0,0,0,0,0,0,1,0,0,0,0,0,0,0,0,0,0,0,0,0,0,0,1,0,0,0,0,0,0,0,0,0,0,0,0,0,0,0,0,0,0,0,0,0,0,0,0,0,0,0,0,0,0,0,0,0,0,0,0,0,0,0,0,0,0,0,0,0,0,0,0,0,0,0,0,0,0,0,0,0,0,0,0,0,0,0,0,0,0,0,0,0,0,0,0,0,0,0,0,0,0,0,0,0,0,0,0,0,0,0,0,0,0,0,0,0,0,0,0,0,0,0,0,0,0,0,19
15,19,47.664333,-122.31264499999999,2016/09/08/03/52/52,MTA4NjQ0ODM0Mzc0ODI5MTQ1MjU=,6.09339e+18,6.09339e+18,6.09339e+18,6.09339e+18,6.09339e+18,6.09339e+18,6.09339e+18,night,0,1,Los_Angeles,America,PartlyCloudy,15.6,5.84,160,1020.52,partly-cloudy-night,398,6,38,858,1179,19,39,-77,4842.1626,1,1,1,0,0.331382,0,0,1,1,1,1,0.039145,1,1,1,1,1,1,0,0,0,0,0,0,0,0,0,0,0,0,1,0,0,0,0,0,0,0,0,0,0,0,0,0,0,0,0,0,0,0,0,0,0,0,0,0,0,0,0,0,0,0,0,0,0,0,0,0,0,0,0,0,0,0,0,0,0,0,0,0,0,0,0,0,0,0,0,0,0,0,0,0,0,0,0,0,0,0,0,0,0,0,0,0,0,0,0,0,0,0,0,0,0,0,0,0,0,0,0,0,0,0,0,0,0,0,0,0,0,0,0,0,0,0,0,0,0,0,0,0,0,0,0,0,0,0,0,0,0,0,0,0,0,0,0,0,0,0,0,0,0,0,0,0,0,0,0,0,0,19
16,16,20.526489,-97.46074499999999,2016/09/08/03/51/50,MTM4NjE0MjU4NTcwNDkyMzgzMDE=,9.64514e+18,9.64514e+18,9.64514e+18,9.64514e+18,9.64514e+18,9.64514e+18,9.64514e+18,night,14,0,Mexico_City,America,Foggy,25.5,4.79,269,1018.02,fog,436,7,16,941,1181,19,41,-196,2431.2341,1,1,1,0,0.070257,1,1,1,1,1,1,0.040221,1,1,1,1,1,1,0,0,0,0,0,0,0,0,0,0,0,0,1,0,0,0,0,0,1,0,0,0,0,0,0,0,0,0,0,0,0,1,0,0,0,0,0,0,1,0,0,0,0,0,0,0,0,1,0,0,0,0,0,0,0,0,0,0,0,0,0,0,0,1,0,0,0,0,0,0,0,0,0,0,0,0,0,0,0,0,0,0,0,0,0,0,0,0,0,0,0,0,0,0,0,1,0,0,0,0,0,0,0,0,0,0,0,0,0,0,0,0,0,0,0,0,0,1,0,0,0,0,0,0,0,0,1,1,0,0,0,0,0,0,0,0,0,0,0,0,0,0,0,0,0,0,0,0,0,0,0,16
17,13,53.611417,-113.369528,2016/09/08/03/51/27,MTc3MTQ3MDU2NTU4MTI4Mzg4Mjk=,6.02588e+18,6.02588e+18,6.02588e+18,6.02588e+18,6.02588e+18,6.02588e+18,6.02588e+18,night,12,0,Edmonton,America,Clear,8.9,1.47,314,1008.96,clear-night,415,6,55,896,1210,20,10,-101,1055.8982,1,1,1,0,0.159625,0,1,1,1,1,1,0.175033,0,1,1,1,1,1,0,0,0,0,0,0,0,0,0,0,0,0,0,0,0,0,0,0,0,0,0,0,0,0,0,0,0,0,0,0,0,0,0,0,0,0,0,0,0,0,0,0,0,0,0,0,0,0,0,0,0,0,0,0,0,0,0,0,0,0,0,0,0,0,0,0,0,0,0,0,0,0,0,0,0,0,0,0,0,0,0,0,0,0,0,0,0,0,0,0,0,0,0,0,0,0,0,0,0,0,0,0,0,0,0,0,0,0,0,0,0,0,0,0,0,0,0,0,0,0,0,0,0,0,0,0,0,0,0,0,0,0,0,0,0,0,0,0,0,0,0,0,0,0,0,0,0,0,0,0,0,13
18,32,20.52571,-97.459477,2016/09/08/03/51/14,MjMwNDk3MzIyNjAwNDMwNzg4NQ==,9.64514e+18,9.64514e+18,9.64514e+18,9.64514e+18,9.64514e+18,9.64514e+18,9.64514e+18,night,14,0,Mexico_City,America,Foggy,25.5,4.79,269,1018.02,fog,436,7,16,941,1181,19,41,-196,2431.2341,1,1,1,0,0.068655,1,1,1,1,1,1,0.143752,0,1,1,1,1,1,0,0,0,0,0,0,0,0,0,0,0,0,1,0,0,0,0,0,0,0,0,0,0,0,0,0,0,0,0,0,0,0,0,0,0,0,0,0,0,0,1,0,0,0,0,0,0,0,0,0,0,0,0,0,0,0,0,0,0,0,0,0,0,0,0,0,0,0,0,0,0,0,0,0,0,0,0,0,0,0,0,0,0,0,0,0,0,0,0,0,0,0,0,0,0,1,0,0,0,0,0,1,0,0,0,0,0,0,0,0,0,0,0,0,0,0,0,0,0,0,0,0,0,0,0,0,0,0,0,0,0,0,0,0,0,0,0,0,0,0,0,0,0,0,0,0,0,0,0,0,0,32
19,129,-31.954346,115.851576,2016/09/08/03/51/11,Mzc5MDU5NDY1MDEzNzE4ODkyNQ==,3.04067e+18,3.04067e+18,3.04067e+18,3.04067e+18,3.04067e+18,3.04067e+18,3.04067e+18,night,13,0,Perth,Australia,PartlyCloudy,16.5,6.4,218,1024.45,partly-cloudy-day,385,6,25,330,1085,18,5,370,2102.9775,1,1,1,0,0.062261000000000004,1,1,1,1,1,1,0.045231,1,1,1,1,1,1,0,0,0,0,0,0,0,0,0,0,0,0,0,0,0,0,0,0,0,0,0,0,0,0,0,0,0,0,0,0,0,0,0,0,0,0,0,0,0,0,0,0,0,0,0,0,0,0,0,0,0,0,0,0,0,0,0,0,0,0,0,0,0,1,0,1,0,0,0,0,0,0,0,0,0,0,0,0,0,0,0,0,0,0,0,0,0,0,0,0,0,0,0,0,0,0,0,0,0,0,0,0,0,0,0,0,0,0,0,0,0,0,0,0,0,0,0,0,0,0,0,0,0,0,0,0,0,0,0,0,0,0,0,0,0,0,0,0,0,0,0,0,0,0,0,0,0,0,0,0,0,129
20,23,26.331856,-81.814452,2016/09/08/03/50/41,MTcxOTM5Njg5Nzg4ODYyODMxMTc=,9.8615e+18,9.8615e+18,9.8615e+18,9.8615e+18,9.8615e+18,9.8615e+18,9.8615e+18,night,13,1,New_York,America,Clear,26.0,7.04,67,1018.7,clear-night,431,7,11,999,1181,19,41,-249,0.0,0,0,0,1,0.6928340000000001,0,0,0,1,1,1,0.18362799999999999,0,1,1,1,1,1,0,0,0,0,0,0,0,0,0,0,0,0,0,0,0,0,0,0,1,0,0,0,0,0,0,0,0,0,0,0,0,0,0,0,0,0,0,0,0,0,0,0,0,0,0,0,0,0,0,0,0,0,0,0,0,0,0,0,0,0,0,0,0,0,0,0,0,0,0,0,0,0,0,0,0,0,0,0,0,0,0,0,0,0,0,0,0,0,0,0,0,0,0,0,0,1,0,1,0,0,0,0,0,0,0,0,0,0,0,0,0,0,0,0,0,0,0,0,0,0,0,0,0,0,0,0,1,0,0,0,0,0,0,0,0,0,0,0,0,0,0,0,0,0,0,0,0,0,0,0,0,23
21,75,26.235527,-98.197677,2016/09/08/03/50/40,NDYwNzM3MjkwODMwMzQzNTE5Nw==,9.68432e+18,9.68432e+18,9.68432e+18,9.68432e+18,9.68432e+18,9.68432e+18,9.68432e+18,night,13,0,Chicago,America,Clear,28.0,11.26,142,1016.69,clear-night,436,7,16,939,1187,19,47,-188,849.4422599999999,1,1,1,0,0.7898310000000001,0,0,0,1,1,1,0.92979,0,0,0,1,1,1,0,0,0,0,0,0,0,0,0,0,0,0,0,0,0,0,0,0,0,0,0,0,0,0,0,0,0,0,0,0,0,1,0,0,0,0,0,0,0,0,0,0,0,0,0,0,0,1,0,0,0,0,0,0,0,0,0,1,0,0,0,0,0,0,0,0,0,0,0,0,0,0,0,0,0,0,0,0,0,0,0,0,0,0,0,0,0,0,0,0,0,0,0,0,0,0,0,0,0,0,0,0,0,0,0,0,0,0,0,0,0,0,0,0,0,0,0,0,0,0,0,0,0,0,0,0,0,0,0,0,0,0,0,0,0,0,0,0,0,0,0,0,0,0,0,0,0,0,0,0,0,75
22,35,20.524085,-97.458547,2016/09/08/03/50/29,MTA4Mzk5NDIyMDUxOTUzNzI3Nw==,9.64514e+18,9.64514e+18,9.64514e+18,9.64514e+18,9.64514e+18,9.64514e+18,9.64514e+18,night,14,0,Mexico_City,America,Foggy,25.5,4.79,269,1018.02,fog,436,7,16,941,1181,19,41,-196,2431.2341,1,1,1,0,0.173178,0,1,1,1,1,1,0.124377,0,1,1,1,1,1,0,0,0,0,0,0,0,0,0,1,0,0,0,0,0,0,0,0,0,0,0,0,0,0,0,0,0,0,0,0,0,0,0,0,0,0,0,0,0,0,0,0,0,0,0,0,0,0,0,0,0,0,0,0,0,0,0,0,0,0,0,0,0,0,0,0,0,0,0,0,0,0,0,0,0,0,0,0,0,0,0,0,0,0,0,0,0,0,0,0,0,0,0,0,0,0,0,0,0,0,0,0,0,0,0,0,0,0,0,0,0,0,0,0,0,0,0,0,0,0,0,0,0,0,0,0,0,1,0,0,0,0,0,0,0,0,0,0,0,0,0,0,0,0,0,0,0,0,0,0,0,35
23,29,32.823098,-116.90111,2016/09/08/03/50/15,NTc2Mzg5MTY3MTQ4NjQ1Njc0OQ==,9.28455e+18,9.28455e+18,9.28455e+18,9.28455e+18,9.28455e+18,9.28455e+18,9.28455e+18,night,7,0,Los_Angeles,America,Clear,18.7,4.73,221,1018.09,clear-night,387,6,27,863,1145,19,5,-105,1177.243,1,1,1,0,0.31584,0,0,1,1,1,1,0.247092,0,1,1,1,1,1,0,0,0,0,0,0,0,0,0,1,0,0,0,0,0,1,0,0,1,0,1,0,1,0,0,0,0,0,0,0,0,1,0,0,0,0,0,0,0,0,1,0,0,0,0,1,0,0,0,0,0,1,0,0,0,0,0,0,0,0,0,0,0,0,0,0,0,0,0,0,0,0,0,0,0,0,0,0,0,0,0,0,0,0,0,0,0,0,0,0,0,0,0,0,0,0,0,0,0,0,0,0,0,0,0,0,0,0,0,0,0,0,0,0,0,0,0,0,0,0,0,0,0,0,0,0,0,1,0,0,0,0,0,0,0,0,0,0,0,0,0,0,0,0,0,0,0,0,0,0,0,29
24,16,20.524929999999998,-97.460406,2016/09/08/03/49/53,MzUyMjIwNTA5NzAwMzczMzE0OQ==,9.64514e+18,9.64514e+18,9.64514e+18,9.64514e+18,9.64514e+18,9.64514e+18,9.64514e+18,night,14,0,Mexico_City,America,Foggy,25.5,4.79,269,1018.02,fog,436,7,16,941,1181,19,41,-196,2431.2341,1,1,1,0,0.147312,0,1,1,1,1,1,0.054402,1,1,1,1,1,1,0,0,0,0,0,0,0,0,0,0,0,0,0,0,0,0,0,1,0,0,0,0,0,0,0,0,0,0,0,0,0,0,0,0,0,0,0,0,0,0,0,0,0,0,0,0,0,0,0,0,0,0,0,0,0,0,0,0,0,0,0,0,0,0,0,0,0,0,0,0,0,0,0,0,0,0,0,0,0,0,0,0,0,0,0,0,0,0,0,0,0,0,0,0,0,0,0,0,0,0,0,0,0,0,0,0,0,0,0,0,0,0,0,0,0,0,0,0,0,0,0,0,0,0,0,0,0,0,0,0,0,0,0,0,0,0,0,0,0,0,0,0,0,0,0,0,0,0,0,0,0,16
25,58,26.235537,-98.197506,2016/09/08/03/49/49,OTAzMzE3NTMzNjIwMDM2NDU=,9.68432e+18,9.68432e+18,9.68432e+18,9.68432e+18,9.68432e+18,9.68432e+18,9.68432e+18,night,13,0,Chicago,America,Clear,28.0,11.26,142,1016.69,clear-night,436,7,16,939,1187,19,47,-188,849.4422599999999,1,1,1,0,0.7867310000000001,0,0,0,1,1,1,0.9261729999999999,0,0,0,1,1,1,0,0,0,0,0,0,0,0,0,0,0,0,0,0,0,0,0,0,0,0,0,0,0,0,0,0,0,0,0,0,0,1,0,0,0,0,0,0,0,0,0,0,0,0,0,0,0,1,0,0,0,0,0,0,0,0,0,0,0,0,0,0,0,1,0,0,0,0,0,0,0,0,0,0,1,0,0,0,0,0,0,0,0,0,0,0,0,0,0,0,0,0,0,0,0,0,0,0,0,0,0,0,0,0,0,0,0,0,0,0,0,0,0,0,0,0,0,0,0,0,0,0,0,0,0,0,0,0,0,0,0,0,0,0,0,0,0,0,0,0,0,0,0,0,0,0,0,0,0,0,0,58
26,48,47.666999,-122.31261699999999,2016/09/08/03/49/48,NTk5MDI4NzAyNjUzMDUwNzA4NQ==,6.09339e+18,6.09339e+18,6.09339e+18,6.09339e+18,6.09339e+18,6.09339e+18,6.09339e+18,night,1,1,Los_Angeles,America,PartlyCloudy,15.6,5.84,160,1020.52,partly-cloudy-night,398,6,38,858,1179,19,39,-77,4842.1626,1,1,1,0,0.122796,0,1,1,1,1,1,0.022059,1,1,1,1,1,1,0,0,0,0,0,0,0,0,0,0,0,0,0,0,0,0,0,0,0,0,0,0,0,0,0,0,0,0,0,0,0,0,0,0,0,0,0,0,0,0,0,0,0,0,0,0,0,0,0,0,0,0,0,0,0,0,0,0,0,0,0,0,0,0,0,0,0,0,0,0,0,0,0,0,0,0,0,0,0,0,0,0,0,0,0,0,0,0,0,0,0,0,0,0,0,0,0,0,0,0,0,0,0,0,0,0,0,0,0,0,0,0,0,0,0,0,0,0,0,0,0,0,0,0,0,0,0,0,0,0,0,0,0,0,0,0,0,0,0,0,0,0,0,0,0,0,0,0,0,0,0,48
27,46,32.824114,-116.90166200000002,2016/09/08/03/49/39,Nzc0MTQ2NjQxMzI2NTIxNTU5Nw==,9.28455e+18,9.28455e+18,9.28455e+18,9.28455e+18,9.28455e+18,9.28455e+18,9.28455e+18,night,7,0,Los_Angeles,America,Clear,18.7,4.73,221,1018.09,clear-night,387,6,27,863,1145,19,5,-105,1177.243,1,1,1,0,0.325362,0,0,1,1,1,1,0.197908,0,1,1,1,1,1,0,0,0,0,0,0,0,0,0,0,0,0,0,0,0,1,0,0,0,0,0,0,1,0,0,0,0,0,0,0,0,0,0,0,0,0,0,0,0,0,0,0,0,0,0,0,0,0,0,0,0,0,0,0,0,0,0,0,0,0,0,0,0,0,0,0,0,0,0,0,0,0,0,0,0,0,0,0,0,0,0,0,0,0,0,0,0,0,0,0,0,0,0,0,0,0,0,0,0,0,0,0,0,0,0,0,0,0,0,0,0,0,0,0,0,0,0,0,0,0,0,0,0,0,0,0,0,0,0,0,0,0,0,0,0,0,0,0,0,0,0,0,0,0,0,0,0,0,0,0,0,46
28,41,49.335511,17.996289,2016/09/08/03/49/28,MTgyOTU2MTU1ODE5MTM5OTEyMTM=,5.12158e+18,5.12158e+18,5.12158e+18,5.12158e+18,5.12158e+18,5.12158e+18,5.12158e+18,night,5,0,Prague,Europe,MostlyCloudy,13.0,1.59,160,1020.06,partly-cloudy-night,375,6,15,-26,1158,19,18,809,222.05302000000003,0,0,1,0,0.099223,1,1,1,1,1,1,0.058188,1,1,1,1,1,1,0,0,0,0,0,0,0,0,0,0,0,0,0,0,0,0,0,0,0,0,0,0,0,0,0,0,0,0,0,0,0,0,0,0,0,0,0,0,0,0,0,0,0,0,0,0,0,0,0,0,0,0,0,0,0,0,0,0,0,0,0,0,0,0,0,0,0,0,0,0,0,0,0,0,0,0,0,0,0,0,0,0,0,0,0,0,0,0,0,0,0,0,0,0,0,0,0,0,0,0,0,0,0,0,0,0,0,0,0,0,0,0,0,0,0,0,0,0,0,0,0,0,0,0,0,0,0,0,0,0,0,0,0,0,0,0,0,0,0,0,0,0,0,0,0,0,0,0,0,0,0,41
29,19,20.525767000000002,-97.46032199999999,2016/09/08/03/49/02,NTM0OTc4ODc5MTU5NTQ3MzAzNw==,9.64514e+18,9.64514e+18,9.64514e+18,9.64514e+18,9.64514e+18,9.64514e+18,9.64514e+18,night,14,0,Mexico_City,America,Foggy,25.5,4.79,269,1018.02,fog,436,7,16,941,1181,19,41,-196,2431.2341,1,1,1,0,0.09614600000000001,1,1,1,1,1,1,0.111221,0,1,1,1,1,1,0,0,0,0,0,0,0,0,0,1,0,0,0,0,0,1,1,0,0,0,1,0,0,0,0,0,0,0,0,0,0,1,0,0,0,0,0,0,0,0,0,0,1,0,0,0,0,0,0,0,0,0,0,0,0,0,0,0,0,0,0,0,0,1,0,0,0,0,0,0,0,0,0,1,0,0,0,0,0,0,0,0,0,0,0,0,0,0,0,0,0,0,0,0,0,0,0,0,0,0,0,0,0,0,0,0,0,0,0,0,0,0,0,0,0,0,0,0,0,0,0,0,0,0,0,0,0,0,0,0,0,0,0,0,0,0,0,0,0,0,0,0,0,0,0,0,0,0,0,0,0,19
30,21,42.396695,-71.07145799999999,2016/09/08/03/48/39,MTI4Nzc3MTQ1MTc2NjYxMDczNTc=,9.93591e+18,9.93591e+18,9.93591e+18,9.93591e+18,9.93591e+18,9.93591e+18,9.93591e+18,night,13,1,New_York,America,Overcast,20.2,5.71,22,1015.06,cloudy,377,6,17,1051,1149,19,9,-279,5597.982,1,1,1,0,0.9037430000000001,0,0,0,1,1,1,0.316443,0,0,1,1,1,1,0,0,0,0,0,0,0,0,0,0,0,0,0,0,0,0,0,0,0,0,0,0,0,0,0,0,0,0,0,0,0,0,0,0,0,0,0,0,0,0,0,0,0,0,0,0,0,0,0,0,0,0,0,0,0,0,0,0,0,0,0,0,0,0,0,0,0,0,0,0,0,0,0,0,0,0,0,0,0,0,0,0,0,0,0,0,0,0,0,0,0,0,0,0,0,1,0,0,0,0,0,0,0,0,0,0,0,0,0,0,0,0,0,0,0,0,0,0,0,0,0,0,0,0,0,0,0,0,0,0,0,0,0,0,0,0,0,0,0,0,0,0,0,0,0,0,0,0,0,0,0,21
31,60,-31.954024,115.853054,2016/09/08/03/48/15,OTI3OTExMDk1NDY2Mjc5NzUwMQ==,3.0407e+18,3.0407e+18,3.0407e+18,3.0407e+18,3.0407e+18,3.0407e+18,3.0407e+18,night,13,0,Perth,Australia,PartlyCloudy,16.5,6.39,218,1024.44,partly-cloudy-day,385,6,25,330,1085,18,5,370,2102.9775,1,1,1,0,0.32556,0,0,1,1,1,1,0.024631999999999998,1,1,1,1,1,1,0,0,0,0,0,0,0,0,0,0,0,0,0,0,0,0,0,0,0,0,0,0,0,0,0,0,0,0,0,0,0,0,0,0,0,0,0,0,0,0,0,0,0,0,0,0,0,0,0,0,0,0,0,0,0,0,0,0,0,0,0,0,0,0,0,0,0,0,0,0,0,0,0,0,0,0,0,0,0,0,0,0,0,0,0,0,0,0,0,0,0,0,0,0,0,0,0,0,0,0,0,0,0,0,0,0,0,0,0,0,0,0,0,0,0,0,0,0,0,0,0,0,0,0,0,0,0,0,0,0,0,0,0,0,0,0,0,0,0,0,0,0,0,0,0,0,0,0,0,0,0,60
32,120,49.757224,14.18113,2016/09/08/03/48/02,Nzk3NjI1NzI5MTU0NjQyOTcz,5.11931e+18,5.11931e+18,5.11931e+18,5.11931e+18,5.11931e+18,5.11931e+18,5.11931e+18,night,5,0,Prague,Europe,Clear,14.1,3.69,63,1017.3,clear-night,390,6,30,-42,1173,19,33,825,53.986286,0,0,0,1,3.606292,0,0,0,0,0,1,0.394047,0,0,1,1,1,1,0,0,0,0,0,0,0,0,0,0,0,0,0,0,0,0,0,0,0,0,0,0,0,0,0,0,0,0,0,0,0,0,0,0,0,0,0,0,0,0,0,0,0,0,0,0,0,0,0,0,0,0,0,0,0,0,0,0,0,0,0,0,0,0,0,0,0,0,0,0,0,0,0,0,0,0,0,0,0,0,0,0,0,0,0,0,0,0,0,0,0,0,0,0,0,0,0,0,0,0,0,0,0,0,0,0,0,0,0,0,0,0,0,0,0,0,0,0,0,0,0,0,0,0,0,0,0,1,0,0,0,0,0,0,0,0,0,0,0,0,0,0,0,0,0,0,1,0,0,0,0,120
33,120,49.757354,14.180744,2016/09/08/03/48/02,MTUzMjYzNDQ1MDY0ODk0MTU2NDU=,5.11931e+18,5.11931e+18,5.11931e+18,5.11931e+18,5.11931e+18,5.11931e+18,5.11931e+18,night,5,0,Prague,Europe,Clear,14.1,3.69,63,1017.3,clear-night,390,6,30,-42,1173,19,33,825,53.986286,0,0,0,1,3.6328910000000003,0,0,0,0,0,1,0.424604,0,0,1,1,1,1,0,0,0,0,0,0,0,0,0,0,0,0,0,0,0,0,0,0,0,0,0,0,0,0,0,0,0,0,0,0,0,0,0,0,0,0,0,0,0,0,0,0,0,0,0,0,0,0,0,0,0,0,0,0,0,0,0,0,0,0,0,0,0,0,0,0,0,0,0,0,0,0,0,0,0,0,0,0,0,0,0,0,0,0,0,0,0,0,0,0,0,0,0,0,0,0,0,0,0,0,0,0,0,0,0,0,0,0,0,0,0,0,0,0,0,0,0,0,0,0,0,0,0,0,0,0,0,0,0,0,0,0,0,0,0,0,0,0,0,0,0,0,0,0,0,0,0,0,0,0,0,120
34,147,49.756788,14.181359,2016/09/08/03/48/02,MzA1MTM4MzI5MjcwMTU3MDk4OQ==,5.11931e+18,5.11931e+18,5.11931e+18,5.11931e+18,5.11931e+18,5.11931e+18,5.11931e+18,night,5,0,Prague,Europe,Clear,14.1,3.69,63,1017.3,clear-night,390,6,30,-42,1173,19,33,825,53.986286,0,0,0,1,3.593874,0,0,0,0,0,1,0.351327,0,0,1,1,1,1,0,0,0,0,0,0,0,0,0,0,0,0,0,0,0,0,0,0,0,0,0,0,0,0,0,0,0,0,0,0,0,0,0,0,0,0,0,0,0,0,0,0,0,0,0,0,0,0,0,0,0,0,0,0,0,0,0,0,0,0,0,0,0,0,0,0,0,0,0,0,0,0,0,0,0,0,0,0,0,0,0,0,0,0,0,0,0,0,0,0,0,0,0,0,0,1,0,0,0,0,0,0,0,0,0,0,0,0,0,0,0,0,0,0,0,0,0,0,0,1,0,0,0,0,0,0,0,0,0,0,0,0,0,0,0,0,0,0,0,0,0,0,0,0,0,0,0,0,0,0,0,147
35,41,34.05043,-118.245399,2016/09/08/03/47/45,ODQ1NjA5NjQ3MTYxMDM4NTgzNw==,9.2782e+18,9.2782e+18,9.2782e+18,9.2782e+18,9.2782e+18,9.2782e+18,9.2782e+18,night,13,0,Los_Angeles,America,PartlyCloudy,20.1,5.51,163,1017.59,partly-cloudy-night,392,6,32,855,1152,19,12,-95,3895.3920000000003,1,1,1,0,0.32721,0,0,1,1,1,1,0.050401,1,1,1,1,1,1,0,0,0,0,0,0,0,0,0,0,0,0,0,0,0,0,0,0,0,0,0,0,0,0,0,0,0,0,0,0,0,1,0,0,0,0,0,0,0,0,0,0,0,0,0,0,0,1,0,0,0,0,0,0,0,0,0,1,0,0,0,0,0,1,0,0,0,0,0,0,0,0,0,1,0,0,0,0,0,0,0,0,0,0,0,0,0,0,0,0,0,0,0,0,0,0,0,0,0,0,0,0,0,0,0,0,0,0,0,0,0,0,0,0,0,0,0,0,0,0,0,0,0,0,0,0,0,0,0,0,0,0,0,0,0,0,0,0,0,0,0,0,0,0,0,0,0,0,0,0,0,41
36,13,47.664384000000005,-122.31330200000001,2016/09/08/03/47/35,MTcwNjM4NDI1OTk4NzcyNjgyNjk=,6.09339e+18,6.09339e+18,6.09339e+18,6.09339e+18,6.09339e+18,6.09339e+18,6.09339e+18,night,0,1,Los_Angeles,America,PartlyCloudy,15.6,5.84,160,1020.52,partly-cloudy-night,398,6,38,858,1179,19,39,-77,4842.1626,1,1,1,0,0.28185,0,0,1,1,1,1,0.015888,1,1,1,1,1,1,0,0,0,0,0,0,0,0,0,0,0,0,0,0,0,0,0,0,1,0,0,0,0,0,0,0,0,0,0,0,0,0,0,0,0,0,0,0,0,0,0,0,0,0,0,0,0,0,0,0,0,0,0,0,0,0,0,0,0,0,0,0,0,0,0,0,0,0,0,0,0,0,0,0,0,0,0,0,0,0,0,0,0,0,0,0,0,0,0,0,0,0,0,0,0,0,0,0,0,0,0,0,0,0,0,0,0,0,0,0,0,0,0,0,0,0,0,0,0,0,0,0,0,0,0,0,0,0,0,0,0,0,0,0,0,0,0,0,0,0,0,0,0,0,0,0,0,0,0,0,0,13
37,16,26.332884999999997,-81.811633,2016/09/08/03/47/24,MTIwMjAwMzQyODY3MjQ5ODg2Njk=,9.8615e+18,9.8615e+18,9.8615e+18,9.8615e+18,9.8615e+18,9.8615e+18,9.8615e+18,night,13,1,New_York,America,Clear,26.0,7.04,67,1018.7,clear-night,431,7,11,999,1181,19,41,-249,0.0,0,0,0,1,0.9946139999999999,0,0,0,1,1,1,0.532257,0,0,0,1,1,1,0,0,0,0,0,0,0,0,0,1,0,0,0,0,0,0,0,0,1,0,0,0,0,0,0,0,0,0,0,0,0,1,0,0,0,0,0,0,0,0,0,0,0,1,0,1,0,1,0,0,0,0,0,0,0,0,0,0,0,0,0,0,0,0,0,0,0,0,0,0,0,0,0,0,0,0,0,0,0,0,0,0,0,0,0,0,0,0,0,0,0,0,0,0,0,0,0,0,0,0,0,0,0,0,0,0,0,0,0,0,0,0,0,0,0,0,0,0,0,0,0,0,0,0,0,0,0,1,0,0,0,0,1,0,0,0,0,0,0,0,0,0,0,0,0,0,0,0,0,0,0,16
38,98,38.228901,-122.58707,2016/09/08/03/47/13,MTQ0ODIwNDkzMTkzNTY0MjU2OTM=,9.261e+18,9.261e+18,9.261e+18,9.261e+18,9.261e+18,9.261e+18,9.261e+18,night,8,0,Los_Angeles,America,Clear,20.6,1.8,201,1012.89,clear-night,407,6,47,840,1172,19,32,-75,111.49209599999999,0,0,0,1,0.530133,0,0,0,1,1,1,0.368096,0,0,1,1,1,1,0,0,0,0,0,0,0,0,0,0,0,0,0,0,0,1,0,0,0,0,0,0,0,0,0,0,0,0,0,0,0,0,0,0,0,0,0,0,0,0,0,0,0,0,0,0,0,0,0,0,0,0,0,0,0,0,0,0,0,0,0,0,0,0,0,0,0,0,0,0,0,0,0,0,0,0,0,0,0,0,0,0,0,0,0,0,0,0,0,0,0,0,0,0,0,0,0,0,0,0,0,0,0,0,0,0,0,0,0,0,0,0,0,0,0,0,0,0,0,0,0,0,0,0,0,0,0,0,0,0,0,0,0,0,0,0,0,0,0,0,0,0,0,0,0,0,0,0,0,0,0,98
39,41,38.228376000000004,-122.58733500000001,2016/09/08/03/47/04,NTc1ODM2OTQ0NDgwMzIwNDYwNQ==,9.261e+18,9.261e+18,9.261e+18,9.261e+18,9.261e+18,9.261e+18,9.261e+18,night,8,0,Los_Angeles,America,Clear,20.6,1.8,201,1012.89,clear-night,407,6,47,840,1172,19,32,-75,111.49209599999999,0,0,0,1,0.491292,0,0,1,1,1,1,0.409703,0,0,1,1,1,1,0,0,0,0,0,0,0,0,0,0,0,0,0,0,0,0,0,0,0,0,0,0,0,0,0,0,0,0,0,0,0,0,0,0,0,0,0,0,0,0,0,0,0,0,0,0,0,0,0,0,0,0,0,0,0,0,0,0,0,0,0,0,0,0,0,0,0,0,0,0,0,0,0,0,0,0,0,0,0,0,0,0,0,0,0,0,0,0,0,0,0,0,0,0,0,0,0,0,0,0,0,0,0,0,0,0,0,0,0,0,0,0,0,0,0,0,0,0,0,0,0,0,0,0,0,0,0,0,0,0,0,0,0,0,0,0,0,0,0,0,0,0,0,0,0,0,0,0,0,0,0,41
40,16,-31.954323,115.851298,2016/09/08/03/47/00,MTIxNzAyMjQ1NTE5ODkwNzExNjU=,3.04067e+18,3.04067e+18,3.04067e+18,3.04067e+18,3.04067e+18,3.04067e+18,3.04067e+18,night,13,0,Perth,Australia,PartlyCloudy,16.5,6.4,218,1024.45,partly-cloudy-day,385,6,25,330,1085,18,5,370,2102.9775,1,1,1,0,0.067487,1,1,1,1,1,1,0.10753099999999999,0,1,1,1,1,1,0,0,0,0,0,0,0,0,0,0,0,0,0,0,0,0,0,0,0,0,0,0,0,0,0,0,0,0,0,0,0,0,0,0,0,0,0,0,0,0,0,0,0,0,0,0,0,0,0,0,0,0,0,0,0,0,0,0,0,0,0,0,0,0,0,0,0,0,0,0,0,0,0,0,0,0,0,0,0,0,0,0,0,0,0,0,0,0,0,0,0,0,0,0,0,0,0,0,0,0,0,0,0,0,0,0,0,0,0,0,0,0,0,0,0,0,0,0,0,0,0,0,0,0,0,0,0,0,0,0,0,0,0,0,0,0,0,0,0,0,0,0,0,0,0,0,0,0,0,0,0,16
41,19,32.823563,-116.90156999999999,2016/09/08/03/46/38,NDUzNjM5Mzg2OTQ2NzU5MDYzNw==,9.28455e+18,9.28455e+18,9.28455e+18,9.28455e+18,9.28455e+18,9.28455e+18,9.28455e+18,night,7,0,Los_Angeles,America,Clear,18.7,4.73,221,1018.09,clear-night,387,6,27,863,1145,19,5,-105,1177.243,1,1,1,0,0.33234400000000003,0,0,1,1,1,1,0.230175,0,1,1,1,1,1,0,0,0,0,0,0,0,0,0,0,0,0,1,0,0,1,0,0,0,0,0,0,0,0,0,0,0,0,0,0,0,0,0,0,0,0,0,0,0,0,0,0,0,0,0,0,0,0,0,0,0,0,0,0,0,0,0,0,0,0,0,0,0,0,0,0,0,0,0,0,0,0,0,0,0,0,0,0,0,0,0,0,0,0,0,0,0,0,0,0,0,0,0,0,0,0,0,0,0,0,0,0,0,0,0,0,0,0,0,0,0,0,0,0,0,0,0,0,0,0,0,0,0,0,0,0,0,1,0,0,0,0,1,0,0,0,0,0,0,0,0,0,0,0,0,0,0,0,0,0,0,19
42,17,-31.953959,115.85259199999999,2016/09/08/03/46/10,MTU2ODYxMjgyMTMwNDQ1Mzc4NTM=,3.0407e+18,3.0407e+18,3.0407e+18,3.0407e+18,3.0407e+18,3.0407e+18,3.0407e+18,night,13,0,Perth,Australia,PartlyCloudy,16.5,6.39,218,1024.44,partly-cloudy-day,385,6,25,330,1085,18,5,370,2102.9775,1,1,1,0,0.36134,0,0,1,1,1,1,0.158246,0,1,1,1,1,1,0,0,0,0,0,0,0,0,0,0,0,0,0,0,0,0,0,0,0,0,0,0,0,0,0,0,0,0,0,0,0,0,0,0,0,0,0,0,0,0,0,0,0,0,0,0,0,0,0,0,0,0,0,0,0,0,0,0,0,0,0,0,0,0,0,0,0,0,0,0,0,0,0,0,0,0,0,0,0,0,0,0,0,0,0,0,0,0,0,0,0,0,0,0,0,0,0,0,0,0,0,0,0,0,0,0,0,0,0,0,0,0,0,0,0,0,0,0,0,0,0,0,0,0,0,0,0,0,0,0,0,0,0,0,0,0,0,0,0,0,0,0,0,0,0,0,0,0,0,0,0,17
43,46,32.823037,-116.901018,2016/09/08/03/45/54,NjA5NDcwNDg5NzI3MDk1NDE4OQ==,9.28455e+18,9.28455e+18,9.28455e+18,9.28455e+18,9.28455e+18,9.28455e+18,9.28455e+18,night,7,0,Los_Angeles,America,Clear,18.7,4.73,221,1018.09,clear-night,387,6,27,863,1145,19,5,-105,1177.243,1,1,1,0,0.312162,0,0,1,1,1,1,0.249216,0,1,1,1,1,1,0,0,0,0,0,0,0,0,0,1,0,0,0,0,0,1,0,0,1,0,1,0,1,0,0,0,0,0,1,0,0,0,0,0,0,0,0,0,0,0,1,0,0,0,0,0,0,0,0,0,0,1,0,0,0,0,0,0,0,0,0,0,0,0,0,0,0,0,0,0,0,0,0,0,0,0,0,0,0,0,0,0,0,0,0,0,0,0,0,0,0,0,0,0,0,0,0,0,0,0,0,0,0,0,0,0,0,0,0,0,0,0,0,0,0,0,0,0,0,0,0,0,0,0,0,0,0,1,0,0,0,0,0,0,0,0,0,0,0,0,0,0,0,0,0,0,0,0,0,0,0,46
44,114,20.525678,-97.460237,2016/09/08/03/45/45,MjA0MDEyMjQ1Mzc2ODU4MjI4NQ==,9.64514e+18,9.64514e+18,9.64514e+18,9.64514e+18,9.64514e+18,9.64514e+18,9.64514e+18,night,14,0,Mexico_City,America,Foggy,25.5,4.79,269,1018.02,fog,436,7,16,941,1181,19,41,-196,2431.2341,1,1,1,0,0.107716,0,1,1,1,1,1,0.058174000000000003,1,1,1,1,1,1,1,0,0,0,0,0,0,0,0,0,0,0,1,0,0,1,0,0,1,0,0,0,0,0,0,0,0,0,1,0,0,1,0,0,0,0,0,0,0,0,0,0,1,0,0,0,0,1,0,0,0,1,0,0,0,0,0,0,0,0,0,0,0,0,0,0,0,0,0,0,0,0,0,0,0,0,0,0,0,0,0,0,0,0,0,0,0,0,0,0,0,0,0,0,0,1,0,0,0,0,0,1,0,0,0,0,0,0,0,0,0,0,0,0,0,0,0,0,0,0,0,0,0,0,0,0,0,1,0,0,0,0,1,0,0,0,0,0,0,0,0,0,0,0,0,0,0,0,0,0,0,114
45,116,26.334003999999997,-81.811975,2016/09/08/03/45/26,MTgzNjY0NTUzOTk3MTAzODM1MTc=,9.8615e+18,9.8615e+18,9.8615e+18,9.8615e+18,9.8615e+18,9.8615e+18,9.8615e+18,night,13,1,New_York,America,Clear,26.0,7.04,67,1018.7,clear-night,431,7,11,999,1181,19,41,-249,0.0,0,0,0,1,1.007586,0,0,0,0,1,1,0.5089819999999999,0,0,0,1,1,1,0,0,0,0,0,0,0,0,0,0,0,0,0,0,0,1,0,0,1,0,0,0,0,0,0,0,0,0,0,0,0,0,0,0,0,0,0,0,0,0,0,0,0,0,0,0,0,0,0,0,0,0,0,0,0,0,0,0,0,0,0,0,0,0,0,0,0,0,0,0,0,0,0,0,0,0,0,0,0,0,0,0,0,0,0,0,0,0,0,0,0,0,0,0,0,0,0,0,0,0,0,0,0,0,0,0,0,0,0,0,0,0,0,0,0,0,0,0,0,0,0,0,0,0,0,0,0,0,0,0,0,0,0,0,0,0,0,0,0,0,0,0,0,0,0,0,0,0,0,0,0,116
46,13,49.337329,17.999755,2016/09/08/03/45/06,ODk0ODYwOTE2NDk2NTE1NDE0MQ==,5.12158e+18,5.12158e+18,5.12158e+18,5.12158e+18,5.12158e+18,5.12158e+18,5.12158e+18,night,5,0,Prague,Europe,MostlyCloudy,13.0,1.59,160,1020.06,partly-cloudy-night,375,6,15,-26,1158,19,18,809,222.05302000000003,0,0,1,0,0.23471799999999998,0,1,1,1,1,1,0.168244,0,1,1,1,1,1,0,0,0,0,0,0,0,0,0,0,0,0,0,0,0,0,0,0,0,0,0,0,0,0,0,0,0,0,0,0,0,0,0,0,0,0,0,0,0,0,0,0,0,0,0,0,0,0,0,0,0,0,0,0,0,0,0,0,0,0,0,0,0,0,0,0,0,0,0,0,0,0,0,0,0,0,0,0,0,0,0,0,0,0,0,0,0,0,0,0,0,0,0,0,0,1,0,0,0,0,0,0,0,0,0,0,0,0,0,0,0,0,0,0,0,0,0,0,0,0,0,0,0,0,0,0,0,0,0,0,0,0,0,0,0,0,0,0,0,0,0,0,0,0,0,0,0,0,0,0,0,13
47,21,49.335665000000006,17.9989,2016/09/08/03/45/01,MTMyNjE4ODAzNzU5MTQwMDEwNjk=,5.12158e+18,5.12158e+18,5.12158e+18,5.12158e+18,5.12158e+18,5.12158e+18,5.12158e+18,night,5,0,Prague,Europe,MostlyCloudy,13.0,1.59,160,1020.06,partly-cloudy-night,375,6,15,-26,1158,19,18,809,222.05302000000003,0,0,1,0,0.284217,0,0,1,1,1,1,0.143525,0,1,1,1,1,1,0,0,0,0,0,0,0,0,0,0,0,0,0,0,0,0,0,0,0,0,0,0,0,0,0,0,0,0,0,0,0,0,0,0,0,0,0,0,0,0,0,0,0,0,0,0,0,0,0,0,0,0,0,0,0,0,0,0,0,0,0,0,0,0,0,0,0,0,0,0,0,0,0,0,0,0,0,0,0,0,0,0,0,0,0,0,0,0,0,0,0,0,0,0,0,0,0,0,0,0,0,0,0,0,0,0,0,0,0,0,0,0,0,0,0,0,0,0,0,0,0,0,0,0,0,0,0,0,0,0,0,0,0,0,0,0,0,0,0,0,0,0,0,0,0,0,0,0,0,0,0,21
48,19,47.665853000000006,-122.31353600000001,2016/09/08/03/44/46,NzIwMzg1ODgzMTI4NzAwMzY5Mw==,6.09339e+18,6.09339e+18,6.09339e+18,6.09339e+18,6.09339e+18,6.09339e+18,6.09339e+18,night,0,1,Los_Angeles,America,PartlyCloudy,15.6,5.84,160,1020.52,partly-cloudy-night,398,6,38,858,1179,19,39,-77,4842.1626,1,1,1,0,0.290013,0,0,1,1,1,1,0.014052,1,1,1,1,1,1,0,0,0,0,0,0,0,0,0,0,0,0,0,0,0,0,0,0,0,0,0,0,0,0,0,0,0,0,0,0,0,0,0,0,0,0,0,0,0,0,0,0,0,0,0,0,0,0,0,0,0,0,0,0,0,0,0,0,0,0,0,0,0,0,0,0,0,0,0,0,0,0,0,0,0,0,0,0,0,0,0,0,0,0,0,0,0,0,0,0,0,0,0,0,0,0,0,0,0,0,0,0,0,0,0,0,0,0,0,0,0,0,0,0,0,0,0,0,0,0,0,0,0,0,0,0,0,0,0,0,0,0,0,0,0,0,0,0,0,0,0,0,0,0,0,0,0,0,0,0,0,19
49,16,38.228819,-122.58733500000001,2016/09/08/03/44/34,MTM5MDczODUwMjk2ODA3MTU5MDE=,9.261e+18,9.261e+18,9.261e+18,9.261e+18,9.261e+18,9.261e+18,9.261e+18,night,8,0,Los_Angeles,America,Clear,20.6,1.8,201,1012.89,clear-night,407,6,47,840,1172,19,32,-75,111.49209599999999,0,0,0,1,0.5332819999999999,0,0,0,1,1,1,0.392892,0,0,1,1,1,1,0,0,0,0,0,0,0,0,0,0,0,0,0,0,0,0,0,0,0,0,0,0,0,0,0,0,0,0,0,0,0,0,0,0,0,0,0,0,0,0,0,0,0,0,0,0,0,0,0,0,0,0,0,0,0,0,0,0,0,0,0,0,0,0,0,0,0,0,0,0,0,0,0,0,0,0,0,0,0,0,0,0,0,0,0,0,0,0,0,0,0,0,0,0,0,1,0,1,0,0,0,0,0,0,0,0,0,0,0,0,0,0,0,0,0,0,0,0,0,0,0,0,0,0,0,0,0,0,0,0,0,0,0,0,0,0,0,0,0,0,0,0,0,0,0,0,0,0,0,0,0,16
50,32,34.101633,-117.94398400000001,2016/09/08/03/43/55,MjgxMDU5NzExNzY3NDYyMDY1Mw==,9.27822e+18,9.27822e+18,9.27822e+18,9.27822e+18,9.27822e+18,9.27822e+18,9.27822e+18,night,13,0,Los_Angeles,America,Clear,20.2,6.54,225,1017.55,clear-night,391,6,31,852,1150,19,10,-93,683.3539,0,1,1,0,0.699054,0,0,0,1,1,1,0.579683,0,0,0,1,1,1,0,0,0,0,0,0,0,0,0,0,0,0,0,0,0,0,0,0,0,0,0,0,0,0,0,0,0,0,0,0,0,1,0,0,1,0,0,0,0,0,0,0,0,0,0,0,0,0,0,0,0,0,0,0,0,0,0,0,0,0,0,0,0,0,0,0,0,0,0,0,0,0,0,0,0,0,0,0,0,0,0,0,0,0,0,0,0,0,0,0,0,0,0,0,0,0,0,0,0,0,0,0,0,0,0,0,0,0,0,0,0,0,0,0,0,0,0,0,0,0,0,0,0,0,0,0,0,0,0,0,0,0,0,0,0,0,0,0,0,0,0,0,0,0,0,0,0,0,0,0,0,32
51,15,20.525659,-97.46066,2016/09/08/03/43/30,MTc1ODY1NDE2MzM3MTg1NzE4MjE=,9.64514e+18,9.64514e+18,9.64514e+18,9.64514e+18,9.64514e+18,9.64514e+18,9.64514e+18,night,14,0,Mexico_City,America,Foggy,25.5,4.79,269,1018.02,fog,436,7,16,941,1181,19,41,-196,2431.2341,1,1,1,0,0.069631,1,1,1,1,1,1,0.098022,1,1,1,1,1,1,0,0,0,0,0,0,0,0,0,0,0,0,0,0,0,1,0,0,1,0,1,0,1,0,0,0,0,0,0,0,0,1,0,0,0,0,0,0,0,0,1,0,0,0,0,0,0,1,0,0,0,0,0,0,0,0,0,0,0,0,0,0,0,1,0,0,0,0,1,0,0,0,0,0,0,0,0,0,0,0,0,0,0,0,0,0,0,0,0,0,0,0,0,0,0,0,0,0,0,0,0,0,0,0,0,0,0,0,0,0,0,0,0,1,0,0,0,0,0,0,0,0,0,0,0,0,0,1,0,0,0,0,1,0,0,0,0,0,0,0,0,0,0,0,0,0,0,0,0,0,0,15
52,16,33.907069,-118.16351200000001,2016/09/08/03/43/28,MzQ2MjQ5Mzg1MDc3MjY2OTEzMw==,9.2782e+18,9.2782e+18,9.2782e+18,9.2782e+18,9.2782e+18,9.2782e+18,9.2782e+18,night,13,0,Los_Angeles,America,PartlyCloudy,19.8,5.89,166,1017.78,partly-cloudy-night,392,6,32,851,1151,19,11,-92,3756.671,1,1,1,0,0.44424300000000005,0,0,1,1,1,1,0.169478,0,1,1,1,1,1,0,0,0,0,0,0,0,0,0,0,0,0,0,0,0,0,0,0,0,0,0,0,0,0,0,0,0,0,0,0,0,0,0,0,0,0,0,0,0,0,0,0,0,0,0,0,0,0,0,0,0,0,0,0,0,0,0,0,0,0,0,0,0,0,0,0,0,0,0,0,0,0,0,0,0,0,0,0,0,0,0,0,0,0,0,0,0,0,0,0,0,0,0,0,0,0,0,0,0,0,0,0,0,0,0,0,0,0,0,0,0,0,0,0,0,0,0,0,0,0,0,0,0,0,0,0,0,0,0,0,0,0,0,0,0,0,0,0,0,0,0,0,0,0,0,0,0,0,0,0,0,16
53,41,20.525571,-97.460576,2016/09/08/03/43/12,MTEzOTY2NTkxNjE3NDM1OTAzNjU=,9.64514e+18,9.64514e+18,9.64514e+18,9.64514e+18,9.64514e+18,9.64514e+18,9.64514e+18,night,14,0,Mexico_City,America,Foggy,25.5,4.79,269,1018.02,fog,436,7,16,941,1181,19,41,-196,2431.2341,1,1,1,0,0.082599,1,1,1,1,1,1,0.110999,0,1,1,1,1,1,0,0,0,0,0,0,0,0,0,0,0,0,0,0,1,1,0,0,1,0,1,0,1,0,0,0,0,0,0,0,0,1,0,0,0,0,0,0,0,0,0,0,0,0,0,0,0,1,0,0,0,0,0,0,0,0,0,0,0,0,0,0,0,1,0,0,0,0,1,0,0,0,0,0,0,0,0,0,0,0,0,0,0,0,0,0,0,0,0,0,0,0,0,0,0,0,0,0,0,0,0,0,0,0,0,0,0,0,0,0,0,0,0,1,0,0,0,0,0,0,0,0,0,0,0,0,0,1,0,0,0,0,1,0,0,0,0,0,0,0,0,0,0,0,0,0,0,0,0,0,0,41
54,21,49.337478000000004,17.994235,2016/09/08/03/43/11,MTA3ODE4MzI4NzUxNTI3NzkxNjU=,5.12158e+18,5.12158e+18,5.12158e+18,5.12158e+18,5.12158e+18,5.12158e+18,5.12158e+18,night,5,0,Prague,Europe,MostlyCloudy,13.0,1.59,160,1020.06,partly-cloudy-night,375,6,15,-26,1158,19,18,809,222.05302000000003,0,0,1,0,0.309218,0,0,1,1,1,1,0.045622,1,1,1,1,1,1,0,0,0,0,0,0,0,0,0,0,0,0,0,0,0,0,0,0,0,0,0,0,0,0,0,0,0,0,0,0,0,0,0,0,0,0,0,0,0,0,0,0,0,0,0,0,0,0,0,0,0,0,0,0,0,0,0,0,0,0,0,0,0,0,0,0,0,0,0,0,0,0,0,0,0,0,0,0,0,0,0,0,0,0,0,0,0,0,0,0,0,0,0,0,0,0,0,0,0,0,0,0,0,0,0,0,0,0,0,0,0,0,0,0,0,0,0,0,0,0,0,0,0,0,0,0,0,0,0,0,0,0,0,0,0,0,0,0,0,0,0,0,0,0,0,0,0,0,0,0,0,21
55,74,33.433687,-112.04004499999999,2016/09/08/03/42/58,MTA4MjE5MTUwMzA4MzU4MTk5Nw==,9.73989e+18,9.73989e+18,9.73989e+18,9.73989e+18,9.73989e+18,9.73989e+18,9.73989e+18,night,13,0,Phoenix,America,Clear,29.3,8.54,252,1011.85,clear-night,368,6,8,874,1126,18,46,-116,1411.2576,1,1,1,0,0.606329,0,0,0,1,1,1,0.16105,0,1,1,1,1,1,0,0,0,0,0,0,0,0,0,0,0,0,0,0,0,0,0,0,0,0,0,0,0,0,0,0,0,0,0,0,0,0,0,0,0,0,0,0,0,0,0,0,0,0,0,0,0,0,0,0,0,0,0,0,0,0,0,0,0,0,0,0,0,0,0,0,0,0,0,0,0,0,0,0,0,0,0,0,0,0,0,0,0,0,0,0,0,0,0,0,0,0,0,0,0,0,0,0,0,0,0,0,0,0,0,0,0,0,0,0,0,0,0,0,0,0,0,0,0,0,0,0,0,0,0,0,0,0,0,0,0,0,0,0,0,0,0,0,0,0,0,0,0,0,0,0,0,0,0,0,0,74
56,13,49.337238,17.999814,2016/09/08/03/42/50,Nzk4MzA2OTUyNTU3NDU2NDM5Nw==,5.12158e+18,5.12158e+18,5.12158e+18,5.12158e+18,5.12158e+18,5.12158e+18,5.12158e+18,night,5,0,Prague,Europe,MostlyCloudy,13.0,1.59,160,1020.06,partly-cloudy-night,375,6,15,-26,1158,19,18,809,222.05302000000003,0,0,1,0,0.24520300000000003,0,1,1,1,1,1,0.167968,0,1,1,1,1,1,0,0,0,0,0,0,0,0,0,0,0,0,0,0,0,0,0,0,0,0,0,0,0,0,0,0,0,0,0,0,0,0,0,0,0,0,0,0,0,0,0,0,0,0,0,0,0,0,0,0,0,0,0,0,0,0,0,0,0,0,0,0,0,0,0,0,0,0,0,0,0,0,0,0,0,0,0,0,0,0,0,0,0,0,0,0,0,0,0,0,0,0,0,0,0,1,0,0,0,0,0,0,0,0,0,0,0,0,0,0,0,0,0,0,0,0,0,0,0,0,0,0,0,0,0,0,0,0,0,0,0,0,0,0,0,0,0,0,0,0,0,0,0,0,0,0,0,0,0,0,0,13
57,63,26.233883000000002,-98.197591,2016/09/08/03/42/49,MTc2MTk4ODUyODI4NjQxNTM0MjE=,9.68432e+18,9.68432e+18,9.68432e+18,9.68432e+18,9.68432e+18,9.68432e+18,9.68432e+18,night,13,0,Chicago,America,Clear,28.0,11.26,142,1016.69,clear-night,436,7,16,939,1187,19,47,-188,849.4422599999999,1,1,1,0,0.970566,0,0,0,1,1,1,1.109609,0,0,0,0,1,1,0,0,0,0,0,0,0,0,0,0,0,0,0,0,0,0,0,0,0,0,0,0,0,0,0,0,0,0,0,0,0,0,0,0,0,0,0,0,0,0,0,0,0,0,0,0,0,0,0,0,0,0,0,0,0,0,0,0,0,0,0,0,0,0,0,0,0,0,0,0,0,0,0,0,0,0,0,0,0,0,0,0,0,0,0,0,0,0,0,0,0,0,0,0,0,0,0,0,0,0,0,0,0,0,0,0,0,0,0,0,0,0,0,0,0,0,0,0,0,0,0,0,0,0,0,0,0,0,0,0,0,0,0,0,0,0,0,0,0,0,0,0,0,0,0,0,0,0,0,0,0,63
58,13,41.938928000000004,-71.135429,2016/09/08/03/42/36,MTA3MTIwODM1Njc0ODMyNzUxOTc=,9.93622e+18,9.93622e+18,9.93622e+18,9.93622e+18,9.93622e+18,9.93622e+18,9.93622e+18,night,5,0,New_York,America,Clear,21.3,5.93,35,1014.75,clear-night,378,6,18,1044,1149,19,9,-273,214.14536,0,0,1,0,4.969371,0,0,0,0,0,1,0.412254,0,0,1,1,1,1,0,0,0,0,0,0,0,0,0,0,0,0,0,0,0,0,0,0,0,0,0,0,0,0,0,0,0,0,0,0,0,0,0,0,0,0,0,0,0,0,0,0,0,0,0,0,0,0,0,0,0,0,0,0,0,0,0,0,0,0,0,0,0,0,0,0,0,0,0,0,0,0,0,0,0,0,0,0,0,0,0,0,0,0,0,0,0,0,0,0,0,0,0,0,0,0,0,0,0,0,0,0,0,0,0,0,0,0,0,0,0,0,0,0,0,0,0,0,0,0,0,0,0,0,0,0,0,0,0,0,0,0,0,0,0,0,0,0,0,0,0,0,0,0,0,0,0,0,0,0,0,13
59,16,33.432351000000004,-112.04051100000001,2016/09/08/03/42/25,ODg4MzQ3MzA2Nzg5NDcxODMxNw==,9.73989e+18,9.73989e+18,9.73989e+18,9.73989e+18,9.73989e+18,9.73989e+18,9.73989e+18,night,13,0,Phoenix,America,Clear,29.3,8.54,252,1011.85,clear-night,368,6,8,874,1126,18,46,-116,1411.2576,1,1,1,0,0.487516,0,0,1,1,1,1,0.063112,1,1,1,1,1,1,0,0,0,0,0,0,0,0,0,0,0,0,0,0,0,0,0,0,0,0,0,0,0,0,0,0,0,0,0,0,0,0,0,0,0,0,0,0,0,0,0,0,0,0,0,0,0,0,0,0,0,0,0,0,0,0,0,0,0,0,0,0,0,0,0,0,0,0,0,0,0,0,0,0,0,0,0,0,0,0,0,0,0,0,0,0,0,0,0,0,0,0,0,0,0,0,0,0,0,0,0,0,0,0,0,0,0,0,0,0,0,0,0,0,0,0,0,0,0,0,0,0,0,0,0,0,0,0,0,0,0,0,0,0,0,0,0,0,0,0,0,0,0,0,0,0,0,0,0,0,0,16
60,23,33.432952,-112.04041799999999,2016/09/08/03/42/14,MTA3NTk5NDg1Mzc4ODE2MTY4Nzc=,9.73989e+18,9.73989e+18,9.73989e+18,9.73989e+18,9.73989e+18,9.73989e+18,9.73989e+18,night,13,0,Phoenix,America,Clear,29.3,8.54,252,1011.85,clear-night,368,6,8,874,1126,18,46,-116,1411.2576,1,1,1,0,0.529721,0,0,0,1,1,1,0.094657,1,1,1,1,1,1,0,0,0,0,0,0,0,0,0,0,0,0,0,0,0,0,0,0,0,0,0,0,0,0,0,0,0,0,0,0,0,0,0,0,0,0,0,0,0,0,0,0,0,0,0,0,0,0,0,0,0,0,0,0,0,0,0,0,0,0,0,0,0,0,0,0,0,0,0,0,0,0,0,0,0,0,0,0,0,0,0,0,0,0,0,0,0,0,0,0,0,0,0,0,0,0,0,0,0,0,0,0,0,0,0,0,0,0,0,0,0,0,0,0,0,0,0,0,0,0,0,0,0,0,0,0,0,0,0,0,0,0,0,0,0,0,0,0,0,0,0,0,0,0,0,0,0,0,0,0,0,23
61,46,34.102457,-117.94389299999999,2016/09/08/03/41/59,ODMwMzA5MzcyMzUxNjI0NDAyOQ==,9.27822e+18,9.27822e+18,9.27822e+18,9.27822e+18,9.27822e+18,9.27822e+18,9.27822e+18,night,13,0,Los_Angeles,America,Clear,20.2,6.54,225,1017.55,clear-night,391,6,31,852,1150,19,10,-93,683.3539,0,1,1,0,0.6070979999999999,0,0,0,1,1,1,0.48889499999999997,0,0,1,1,1,1,0,0,0,0,0,0,0,0,0,0,0,0,0,0,0,1,0,0,0,0,0,0,0,0,0,0,0,0,0,0,0,1,0,0,0,0,0,0,0,0,0,0,0,0,0,0,0,0,0,0,0,0,0,0,0,0,0,0,0,0,0,0,0,0,0,0,0,0,0,0,0,0,0,0,0,0,0,0,0,0,0,0,0,0,0,0,0,0,0,0,0,0,0,0,0,0,0,0,0,0,0,0,0,0,0,0,0,0,0,0,0,0,0,0,0,0,0,0,0,0,0,0,0,0,0,0,0,0,0,0,0,0,0,0,0,0,0,0,0,0,0,0,0,0,0,0,0,0,0,0,0,46
62,21,39.416425,-77.423176,2016/09/08/03/41/55,OTk2MDk4NjQyMzE4NTc5MTAwNQ==,9.92871e+18,9.92871e+18,9.92871e+18,9.92871e+18,9.92871e+18,9.92871e+18,9.92871e+18,night,14,0,New_York,America,Clear,24.3,2.79,198,1015.29,clear-night,405,6,45,1016,1172,19,32,-249,849.4422599999999,1,1,1,0,0.301872,0,0,1,1,1,1,0.039712,1,1,1,1,1,1,0,0,0,0,0,0,0,0,0,0,0,0,0,0,0,1,0,0,1,0,0,0,0,0,0,0,0,0,0,0,0,1,0,0,0,0,0,0,0,0,0,0,1,0,0,0,0,1,0,0,0,0,0,0,0,0,0,0,0,0,0,0,0,0,0,0,0,0,0,0,0,0,0,0,0,0,0,0,0,0,0,0,0,0,0,0,0,0,0,0,0,0,0,0,0,0,0,0,0,0,0,0,0,0,0,0,0,0,0,0,0,0,0,0,0,0,0,0,0,0,0,0,0,0,0,0,0,0,0,0,0,0,0,0,0,0,0,0,0,0,0,0,0,0,0,0,0,0,0,0,0,21
130,16,35.744386,-78.654013,2016/09/08/03/33/02,ODEyNjA5MjUzNDA5NDUwNzAx,9.92041e+18,9.92041e+18,9.92041e+18,9.92041e+18,9.92041e+18,9.92041e+18,9.92041e+18,night,8,0,New_York,America,Clear,24.2,4.26,242,1017.57,clear-night,412,6,52,1009,1174,19,34,-247,493.07547,0,1,1,0,0.146899,0,1,1,1,1,1,0.014153,1,1,1,1,1,1,0,0,0,0,0,0,0,0,0,0,0,0,0,0,0,0,0,0,0,0,0,0,0,0,0,0,0,0,0,0,0,0,0,0,0,0,0,0,0,0,0,0,0,0,0,0,0,0,0,0,0,0,0,0,0,0,0,0,0,0,0,0,0,0,0,0,0,0,0,0,0,0,0,0,0,0,0,0,0,0,0,0,0,0,0,0,0,0,0,0,0,0,0,0,0,0,0,0,0,0,0,0,0,0,0,0,0,0,0,0,0,0,0,0,0,0,0,0,0,0,0,0,0,0,0,0,0,0,0,0,0,0,0,0,0,0,0,0,0,0,0,0,0,0,0,0,0,0,0,0,0,16
131,16,26.547721000000003,-80.078156,2016/09/08/03/33/00,MTM3MTQzMzc3OTU0OTYwODEyOTM=,9.86087e+18,9.86087e+18,9.86087e+18,9.86087e+18,9.86087e+18,9.86087e+18,9.86087e+18,night,0,1,New_York,America,Clear,28.3,12.65,85,1018.73,clear-night,424,7,4,989,1175,19,35,-238,1517.408,1,1,1,0,0.309355,0,0,1,1,1,1,0.23027899999999998,0,1,1,1,1,1,0,0,0,0,0,0,0,0,0,0,0,0,1,0,0,0,0,0,1,0,0,0,0,0,0,0,0,0,0,0,0,0,0,0,0,0,0,0,0,0,0,0,0,0,0,0,0,0,0,0,0,0,0,0,0,0,0,0,0,0,0,0,0,0,0,0,0,0,0,0,0,0,0,0,0,0,0,0,0,0,0,0,0,0,0,0,0,0,0,0,0,0,0,0,0,0,0,0,0,0,0,0,0,0,0,0,0,0,0,0,0,0,0,0,0,0,0,0,0,0,0,0,0,0,0,0,0,0,0,0,0,0,0,0,0,0,0,0,0,0,0,0,0,0,0,0,0,0,0,0,0,16
132,56,34.050979,-118.245124,2016/09/08/03/32/49,OTE3MDYxOTk0MzYyNDg2MzkzMw==,9.2782e+18,9.2782e+18,9.2782e+18,9.2782e+18,9.2782e+18,9.2782e+18,9.2782e+18,night,13,0,Los_Angeles,America,PartlyCloudy,20.1,5.51,163,1017.59,partly-cloudy-night,392,6,32,855,1152,19,12,-95,3895.3920000000003,1,1,1,0,0.31698899999999997,0,0,1,1,1,1,0.069964,1,1,1,1,1,1,0,0,0,0,0,0,0,0,0,0,0,0,0,0,0,0,0,0,0,0,0,0,0,0,0,0,0,0,0,0,0,0,0,0,0,0,0,0,0,0,0,0,0,0,0,0,0,0,0,0,0,0,0,0,0,0,0,0,0,0,0,0,0,0,0,0,0,0,0,0,0,0,0,0,0,0,0,0,0,0,0,0,0,0,0,0,0,0,0,0,0,0,0,0,0,0,0,0,0,0,0,0,0,0,0,0,0,0,0,0,0,0,0,0,0,0,0,0,0,0,0,0,0,0,0,0,0,0,0,0,0,0,0,0,0,0,0,0,0,0,0,0,0,0,0,0,0,0,0,0,0,56
133,16,49.337544,17.995354000000003,2016/09/08/03/32/35,NzgwNDY0MDcxMTUzMjg3Mjk4OQ==,5.12158e+18,5.12158e+18,5.12158e+18,5.12158e+18,5.12158e+18,5.12158e+18,5.12158e+18,night,5,0,Prague,Europe,MostlyCloudy,13.0,1.59,160,1020.06,partly-cloudy-night,375,6,15,-26,1158,19,18,809,222.05302000000003,0,0,1,0,0.390293,0,0,1,1,1,1,0.174003,0,1,1,1,1,1,0,0,0,0,0,0,0,0,0,0,0,0,1,0,0,0,0,0,0,0,0,0,0,0,0,0,0,0,0,0,0,1,0,0,0,0,0,0,0,0,0,0,0,0,0,0,0,0,0,0,0,0,0,0,0,0,0,0,0,0,0,0,0,0,0,0,0,0,0,0,0,0,0,0,0,0,0,0,0,0,0,0,0,0,0,0,0,0,0,0,0,0,0,0,0,0,0,0,0,0,0,0,0,0,0,0,0,0,0,0,0,0,0,0,0,0,0,0,0,0,0,0,0,0,0,0,0,0,0,0,0,0,0,0,0,0,0,0,0,0,0,0,0,0,0,0,0,0,0,0,0,16
134,13,41.572678,-87.779446,2016/09/08/03/32/31,NzA1MDE2MDU3MTE4NTg2NzYyOQ==,9.8038e+18,9.8038e+18,9.8038e+18,9.8038e+18,9.8038e+18,9.8038e+18,9.8038e+18,night,13,0,Chicago,America,Clear,25.1,10.6,224,1011.72,clear-night,385,6,25,968,1155,19,15,-198,849.4422599999999,1,1,1,0,0.285115,0,0,1,1,1,1,0.285115,0,0,1,1,1,1,0,0,0,0,0,0,0,0,0,0,0,0,0,0,0,0,0,0,1,0,1,0,0,0,0,0,0,0,0,0,0,0,0,0,0,0,0,0,0,0,0,0,0,0,0,0,0,0,0,0,0,0,0,0,0,0,0,0,0,0,0,0,0,0,0,0,0,0,0,0,0,0,0,0,0,0,0,0,0,0,0,0,0,0,0,0,0,0,0,0,0,0,0,0,0,0,0,0,0,0,0,0,0,0,0,0,0,0,0,0,0,0,0,0,0,0,0,0,0,0,0,0,0,0,0,0,0,0,0,0,0,0,0,0,0,0,0,0,0,0,0,0,0,0,0,0,0,0,0,0,0,13
135,16,38.905285,-77.20058900000001,2016/09/08/03/32/29,NTk2MjMxMzU5NTcxNDE0NjY1Mw==,9.9232e+18,9.9232e+18,9.9232e+18,9.9232e+18,9.9232e+18,9.9232e+18,9.9232e+18,night,13,0,New_York,America,Clear,24.2,4.29,218,1015.29,clear-night,404,6,44,1033,1171,19,31,-266,790.0195,0,1,1,0,0.45753699999999997,0,0,1,1,1,1,0.403998,0,0,1,1,1,1,0,0,0,0,0,0,0,0,0,0,0,0,0,0,0,0,0,0,0,0,0,0,0,0,0,0,0,0,0,0,0,0,0,0,0,0,0,0,0,0,0,0,0,0,0,0,0,0,0,0,0,0,0,0,0,0,0,0,0,0,0,0,0,0,0,0,0,0,0,0,0,0,0,0,0,0,0,0,0,0,0,0,0,0,0,0,0,0,0,0,0,0,0,0,0,0,0,0,0,0,0,0,0,0,0,0,0,0,0,0,0,0,0,0,0,0,0,0,0,0,0,0,0,0,0,0,0,0,0,0,0,0,0,0,0,0,0,0,0,0,0,0,0,0,0,0,0,0,0,0,0,16
136,27,26.232828,-98.196822,2016/09/08/03/32/20,MTU1Mzk3MDk1NDY4Mjk4ODQ2Njk=,9.68432e+18,9.68432e+18,9.68432e+18,9.68432e+18,9.68432e+18,9.68432e+18,9.68432e+18,night,13,0,Chicago,America,Clear,28.0,11.26,142,1016.69,clear-night,436,7,16,939,1187,19,47,-188,849.4422599999999,1,1,1,0,1.083551,0,0,0,0,1,1,1.219869,0,0,0,0,1,1,0,0,0,0,0,0,0,0,0,0,0,0,0,0,0,0,0,0,0,0,0,0,0,0,0,0,0,0,0,0,0,0,0,0,0,0,0,0,0,0,0,0,0,0,0,0,0,0,0,0,0,0,0,0,0,0,0,0,0,0,0,0,1,0,0,0,0,0,0,0,0,0,0,0,0,0,0,0,0,0,0,0,0,0,0,0,0,0,0,0,0,0,0,0,0,0,0,0,0,0,0,0,0,0,0,0,0,0,0,0,0,0,0,0,0,0,0,0,0,0,0,0,0,0,0,0,0,0,0,0,0,0,0,0,0,0,0,0,0,0,0,0,0,0,0,0,0,0,0,0,0,27
137,128,44.476769,-73.212749,2016/09/08/03/32/12,OTE4MTk1NTgzODEyMjM4Nzk0OQ==,5.53337e+18,5.53337e+18,5.53337e+18,5.53337e+18,5.53337e+18,5.53337e+18,5.53337e+18,night,13,1,New_York,America,Clear,21.8,4.22,146,1013.77,clear-night,384,6,24,1037,1159,19,19,-262,591.0899,0,1,1,0,0.21213200000000001,0,1,1,1,1,1,0.012435,1,1,1,1,1,1,0,0,0,0,0,0,0,0,0,0,0,0,0,0,0,1,0,0,1,0,0,0,0,0,0,0,0,0,0,0,0,0,0,0,0,0,0,0,0,0,0,0,0,0,0,0,0,0,0,0,0,1,0,0,0,0,0,0,0,0,0,0,0,0,0,0,0,0,0,0,0,0,0,0,0,0,0,0,0,0,0,0,0,0,0,0,0,0,0,0,0,0,0,0,0,0,0,0,0,0,0,0,0,0,0,0,0,0,0,0,0,0,0,0,0,0,0,0,0,0,0,0,0,0,0,0,0,0,0,0,0,0,0,0,0,0,0,0,0,0,0,0,0,0,0,0,0,0,0,0,0,128
138,16,35.742551,-78.663054,2016/09/08/03/31/08,MTE0NDk3OTI1ODAxNDAwNTE4MjE=,9.92057e+18,9.92057e+18,9.92057e+18,9.92057e+18,9.92057e+18,9.92057e+18,9.92057e+18,night,8,0,New_York,America,Clear,24.2,4.29,242,1017.57,clear-night,413,6,53,1008,1174,19,34,-247,493.07547,0,1,1,0,4.904155,0,0,0,0,0,1,0.245265,0,1,1,1,1,1,0,0,0,0,0,0,0,0,0,0,0,0,0,0,0,0,0,0,0,0,0,0,0,0,0,0,0,0,0,0,0,0,0,0,0,0,0,0,0,0,0,0,0,0,0,0,0,0,0,0,0,0,0,0,0,0,0,0,0,0,0,0,0,0,0,0,0,0,0,0,0,0,0,0,0,0,0,0,0,0,0,0,0,0,0,0,0,0,0,0,0,0,0,0,0,0,0,0,0,0,0,0,0,0,0,0,0,0,0,0,0,0,0,0,0,0,0,0,0,0,0,0,0,0,0,0,0,0,0,0,0,0,0,0,0,0,0,0,0,0,0,0,0,0,0,0,0,0,0,0,0,16
139,41,49.146269000000004,-122.63788500000001,2016/09/08/03/31/04,MTQ2NDY1NDUxOTEzOTUwMjk5NDk=,6.0905e+18,6.0905e+18,6.0905e+18,6.0905e+18,6.0905e+18,6.0905e+18,6.0905e+18,night,5,0,Vancouver,America,Clear,13.5,5.63,138,1019.84,clear-night,397,6,37,841,1181,19,41,-57,296.7843,0,0,1,0,0.220667,0,1,1,1,1,1,0.595779,0,0,0,1,1,1,0,0,0,0,0,0,0,0,0,0,0,0,0,0,0,0,0,0,0,0,0,0,0,0,0,0,0,0,0,0,0,1,0,0,0,0,0,0,0,0,0,0,0,0,0,0,0,0,0,1,0,0,0,0,0,0,0,0,0,0,0,0,0,0,0,0,0,0,0,0,0,0,0,0,0,0,0,0,0,0,0,0,0,0,0,0,0,0,0,0,0,0,0,0,0,0,0,0,0,0,0,0,0,0,0,0,0,0,0,0,0,0,0,0,0,0,0,0,0,0,0,0,0,0,0,0,0,0,0,0,0,0,0,0,0,0,0,0,0,0,0,0,0,0,0,0,0,0,0,0,0,41
140,16,26.249191999999997,-98.22305,2016/09/08/03/31/01,MTk3NjE5OTQ1OTk5MDkzNzAwNQ==,9.68433e+18,9.68433e+18,9.68433e+18,9.68433e+18,9.68433e+18,9.68433e+18,9.68433e+18,night,13,0,Chicago,America,Clear,28.0,11.26,142,1016.69,clear-night,436,7,16,939,1187,19,47,-188,1517.408,1,1,1,0,0.355063,0,0,1,1,1,1,0.029863,1,1,1,1,1,1,0,0,0,0,0,0,0,0,0,0,0,0,0,0,0,0,0,0,0,0,0,0,0,0,0,0,0,0,0,0,0,0,0,0,0,0,0,0,0,0,0,0,0,0,0,0,0,0,0,0,0,0,0,0,0,0,0,0,0,0,0,0,0,0,0,0,0,0,0,0,0,0,0,0,0,0,0,0,0,0,0,0,0,0,0,0,0,0,0,0,0,0,0,0,0,0,0,0,0,0,0,0,0,0,0,0,0,0,0,0,0,0,0,0,0,0,0,0,0,0,0,0,0,0,0,0,0,0,0,0,0,0,0,0,0,0,0,0,0,0,0,0,0,0,0,0,0,0,0,0,0,16
141,13,35.742121999999995,-78.66208,2016/09/08/03/30/43,NDY3NjUwNDA4NTc5MTM4NTQ1Mw==,9.92057e+18,9.92057e+18,9.92057e+18,9.92057e+18,9.92057e+18,9.92057e+18,9.92057e+18,night,8,0,New_York,America,Clear,24.2,4.29,242,1017.57,clear-night,413,6,53,1008,1174,19,34,-247,493.07547,0,1,1,0,5.0007779999999995,0,0,0,0,0,0,0.154628,0,1,1,1,1,1,0,0,0,0,0,0,0,0,0,0,0,0,0,0,0,0,0,0,0,0,0,0,0,0,0,0,0,0,0,0,0,0,0,0,0,0,0,0,0,0,0,0,0,0,0,0,0,0,0,0,0,0,0,0,0,0,0,0,0,0,0,0,0,0,0,0,0,0,0,0,0,0,0,0,0,0,0,0,0,0,0,0,0,0,0,0,0,0,0,0,0,0,0,0,0,0,0,0,0,0,0,0,0,0,0,0,0,0,0,0,0,0,0,0,0,0,0,0,0,0,0,0,0,0,0,0,0,0,0,0,0,0,0,0,0,0,0,0,0,0,0,0,0,0,0,0,0,0,0,0,0,13
78695,19,30.233273999999998,-95.562753,2016/09/06/09/57/50,ODIzMjk2MzkxODgxOTk4NTY3Nw==,9.67574e+18,9.67574e+18,9.67574e+18,9.67574e+18,9.67574e+18,9.67574e+18,9.67574e+18,morning,8,0,Chicago,America,Clear,23.6,7.04,110,1018.68,clear-night,423,7,3,-66,1180,19,40,823,172.27428999999998,0,0,0,1,0.835441,0,0,0,1,1,1,0.558818,0,0,0,1,1,1,0,0,0,0,0,0,0,0,0,0,0,0,0,0,0,0,0,0,0,0,0,0,0,0,0,0,0,0,0,0,0,0,0,0,0,0,0,0,0,0,0,0,0,0,0,0,0,0,0,0,0,0,0,0,0,0,0,0,0,0,0,0,0,0,0,0,0,0,0,0,0,0,0,0,0,0,0,0,0,0,0,0,0,0,0,0,0,0,0,0,0,0,0,0,0,0,0,0,0,0,0,0,0,0,0,0,0,0,0,0,0,0,0,0,0,0,0,0,0,0,0,0,0,0,0,0,0,0,0,0,0,0,0,0,0,0,0,0,0,0,0,0,0,0,0,0,0,0,0,0,0,19
78696,13,41.668052,2.780121,2016/09/06/09/57/49,MTM2MTYyMDY5ODAwOTE2MDY1Mw==,1.3497e+18,1.3497e+18,1.3497e+18,1.3497e+18,1.3497e+18,1.3497e+18,1.3497e+18,morning,8,1,Madrid,Europe,Clear,31.7,8.79,31,1016.82,clear-day,441,7,21,338,1215,20,15,436,0.0,0,0,0,1,0.265606,0,0,1,1,1,1,0.041341,1,1,1,1,1,1,0,0,0,0,0,0,0,0,0,0,0,0,0,0,0,0,0,0,0,0,0,0,0,0,0,0,0,0,0,0,0,0,0,0,0,0,0,0,0,0,0,0,0,0,0,0,0,0,0,0,0,0,0,0,0,0,0,0,0,1,0,0,0,0,0,0,0,0,0,0,0,0,0,0,0,0,0,0,0,0,0,0,0,0,0,0,0,0,0,0,0,0,0,0,0,0,0,0,0,0,0,0,0,0,0,0,0,0,0,0,0,0,0,0,0,0,0,0,0,0,0,0,0,0,0,0,0,0,0,0,0,0,0,0,0,0,0,0,0,0,0,0,0,0,0,0,0,0,0,0,0,13
78697,16,51.272259000000005,16.706823,2016/09/06/09/57/48,NzgxNDIwMzQzOTQzMDIxNTAwNQ==,5.12048e+18,5.12048e+18,5.12048e+18,5.12048e+18,5.12048e+18,5.12048e+18,5.12048e+18,morning,14,0,Warsaw,Europe,PartlyCloudy,16.7,11.3,11,1026.64,partly-cloudy-day,375,6,15,399,1170,19,30,396,62.41308000000001,0,0,0,1,0.116994,0,1,1,1,1,1,0.524662,0,0,0,1,1,1,0,0,0,0,0,0,0,0,0,0,0,0,0,0,0,0,0,0,1,0,1,0,0,0,0,0,0,0,0,0,0,0,0,0,0,0,0,0,0,0,0,0,0,0,0,0,0,0,0,0,0,0,0,0,0,0,0,0,0,0,0,0,0,0,0,0,0,0,0,0,0,0,0,0,0,0,0,0,0,0,0,0,0,0,0,0,0,0,0,0,0,0,0,0,0,0,0,0,0,0,0,0,0,0,0,0,0,0,0,0,0,0,0,0,0,0,0,0,0,0,0,0,0,0,0,0,0,0,0,0,0,0,0,0,0,0,0,0,0,0,0,0,0,0,0,0,0,0,0,0,0,16
78698,16,42.293285,12.213089,2016/09/06/09/57/44,NTQ5NDExODE4MDQzNzkxMDgxMw==,1.38238e+18,1.38238e+18,1.38238e+18,1.38238e+18,1.38238e+18,1.38238e+18,1.38238e+18,morning,14,0,Rome,Europe,MostlyCloudy,24.6,15.77,16,1013.13,partly-cloudy-day,403,6,43,314,1178,19,38,461,89.69245,0,0,0,1,0.202603,0,1,1,1,1,1,0.112882,0,1,1,1,1,1,0,0,0,0,0,0,0,0,0,0,0,0,0,0,0,0,0,0,0,0,0,0,0,0,0,0,0,0,0,0,0,0,0,0,0,0,0,0,0,0,0,0,0,0,0,0,0,0,0,0,0,0,0,0,0,0,0,0,0,0,0,0,0,0,0,0,0,0,0,0,0,0,0,0,0,0,0,0,0,0,0,0,0,0,0,0,0,0,0,0,0,0,0,0,0,0,0,0,0,0,0,0,0,0,0,0,0,0,0,0,0,0,0,0,0,0,0,0,0,0,0,0,0,0,0,0,0,0,0,0,0,0,0,0,0,0,0,0,0,0,0,0,0,0,0,0,0,0,0,0,0,16
78699,16,30.420644,-91.05872600000001,2016/09/06/09/57/41,MTA3OTM0NTUxMjUyOTU5OTUwNjk=,9.66659e+18,9.66659e+18,9.66659e+18,9.66659e+18,9.66659e+18,9.66659e+18,9.66659e+18,morning,13,0,Chicago,America,Clear,24.1,3.04,72,1020.02,clear-night,405,6,45,-108,1162,19,22,865,1177.243,1,1,1,0,0.877757,0,0,0,1,1,1,0.389104,0,0,1,1,1,1,0,0,0,0,0,0,0,0,0,0,0,0,0,0,0,0,0,0,0,0,0,0,0,0,0,0,0,0,0,0,0,0,0,0,0,0,0,0,0,0,0,0,0,0,0,0,0,0,0,0,0,0,0,0,0,0,0,0,0,0,0,0,0,0,0,0,0,0,0,1,0,0,0,0,0,0,0,0,0,0,0,0,0,0,0,0,0,0,0,0,0,0,0,0,0,0,0,0,0,0,0,0,0,0,0,0,0,0,0,0,0,0,0,0,0,0,0,0,0,0,0,0,0,0,0,0,0,0,0,0,0,0,0,0,0,0,0,0,0,0,0,0,0,0,0,0,0,0,0,0,0,16
78700,19,45.471253999999995,9.160984,2016/09/06/09/57/41,Nzg4ODUyMzYyMTU4NTE3MzI5Mw==,5.15402e+18,5.15402e+18,5.15402e+18,5.15402e+18,5.15402e+18,5.15402e+18,5.15402e+18,morning,13,0,Rome,Europe,Clear,27.6,5.48,212,1015.68,clear-day,412,6,52,361,1193,19,53,420,6471.7783,1,1,1,0,0.18093800000000002,0,1,1,1,1,1,0.032046,1,1,1,1,1,1,0,0,0,0,0,0,0,0,0,0,0,0,0,0,0,0,0,0,0,0,0,0,0,0,0,0,0,0,0,0,0,0,0,0,0,0,0,0,0,0,0,0,0,0,0,0,0,0,0,0,0,0,0,0,0,0,0,0,0,0,0,0,0,0,0,0,0,0,0,0,0,0,0,0,0,0,0,0,0,0,0,0,0,0,0,0,0,0,0,0,0,0,0,0,0,0,0,0,0,0,0,0,0,0,0,0,0,0,0,0,0,0,0,0,0,0,0,0,0,0,0,0,0,0,0,0,0,0,0,0,0,0,0,0,0,0,0,0,0,0,0,0,0,0,0,0,0,0,0,0,0,19
78701,118,49.266806,14.71827,2016/09/06/09/57/40,MTczNjc1MjI3NjYyMzc5MzkzNzM=,5.11967e+18,5.11967e+18,5.11967e+18,5.11967e+18,5.11967e+18,5.11967e+18,5.11967e+18,morning,14,0,Prague,Europe,MostlyCloudy,16.1,9.29,12,1024.81,partly-cloudy-day,386,6,26,368,1175,19,35,421,25.210114,0,0,0,1,0.445621,0,0,1,1,1,1,0.076592,1,1,1,1,1,1,0,0,0,0,0,0,0,0,0,0,0,0,0,0,0,0,0,0,0,0,0,0,0,0,0,0,0,0,0,0,0,0,0,0,0,0,0,0,0,0,0,0,0,0,0,0,0,0,0,0,0,0,0,0,0,0,0,0,0,0,0,0,0,0,0,0,0,0,0,0,0,0,0,0,0,0,0,0,0,0,0,0,0,0,0,0,0,0,0,0,0,0,0,0,0,0,0,0,0,0,0,0,0,0,0,0,0,0,0,0,0,0,0,0,0,0,0,0,0,0,0,0,0,0,0,0,0,0,0,0,0,0,0,0,0,0,0,0,0,0,0,0,0,0,0,0,0,0,0,0,0,118
78702,19,1.430574,103.830276,2016/09/06/09/57/38,MTMzMjUzNTk3MTkzNDkxNDcxNDk=,3.59221e+18,3.59221e+18,3.59221e+18,3.59221e+18,3.59221e+18,3.59221e+18,3.59221e+18,morning,13,0,Singapore,Asia,Clear,31.9,9.83,179,1011.61,clear-day,420,7,0,664,1148,19,8,64,0.0,0,0,0,1,0.21564,0,1,1,1,1,1,0.041642,1,1,1,1,1,1,0,0,0,0,0,0,0,0,0,0,0,0,0,0,0,0,0,0,0,0,0,0,0,0,0,0,0,0,0,0,0,0,0,0,0,0,0,0,0,0,0,0,0,0,0,0,0,0,0,0,0,0,0,0,0,0,0,0,0,0,0,0,0,0,0,0,0,0,0,0,0,0,0,0,0,0,0,0,0,0,0,0,0,0,0,0,0,0,0,0,0,0,0,0,0,0,0,0,0,0,0,0,0,0,0,0,0,0,0,0,0,0,0,0,0,0,0,0,0,0,0,0,0,0,0,0,0,0,0,0,0,0,0,0,0,0,0,0,0,0,0,0,0,0,0,0,0,0,0,0,0,19
78703,16,50.034651000000004,15.773982,2016/09/06/09/57/37,MTc2NzcyMjU3NzgzMzA4ODc5MTc=,5.11997e+18,5.11997e+18,5.11997e+18,5.11997e+18,5.11997e+18,5.11997e+18,5.11997e+18,morning,13,0,Prague,Europe,PartlyCloudy,18.1,7.86,2,1025.3,partly-cloudy-day,381,6,21,382,1172,19,32,409,659.01855,0,1,1,0,0.558793,0,0,0,1,1,1,0.009807999999999999,1,1,1,1,1,1,0,0,0,0,0,0,0,0,0,0,0,0,0,0,0,0,0,0,0,0,0,0,0,0,0,0,0,0,0,0,0,1,0,0,0,0,0,0,0,0,0,0,0,0,0,0,0,0,0,0,0,0,0,0,0,0,0,0,0,0,0,0,0,0,0,0,0,0,0,0,0,0,0,0,0,0,0,0,0,0,0,0,0,0,0,0,0,0,0,0,0,0,0,0,0,0,0,0,0,0,0,0,0,0,0,0,0,0,0,0,0,0,0,0,0,0,0,0,0,0,0,0,0,0,0,0,0,0,0,0,0,0,0,0,0,0,0,0,0,0,0,0,0,0,0,0,0,0,0,0,0,16
78704,35,63.28378299999999,10.280242,2016/09/06/09/57/37,MzEwNjY5NzU5MDE5NjYwNzEwMQ==,5.07476e+18,5.07476e+18,5.07476e+18,5.07476e+18,5.07476e+18,5.07476e+18,5.07476e+18,morning,7,0,Oslo,Europe,Clear,14.7,0.49,109,1008.72,clear-day,380,6,20,399,1216,20,16,437,18.862122,0,0,0,1,0.5892189999999999,0,0,0,1,1,1,0.381898,0,0,1,1,1,1,0,0,0,0,0,0,0,0,0,0,0,0,0,0,0,0,0,0,0,0,0,0,0,0,0,0,0,0,0,0,0,1,0,0,0,0,0,0,0,0,0,0,0,0,0,0,0,0,0,0,0,0,0,0,0,0,0,0,0,0,0,0,0,0,0,0,0,0,0,0,0,0,0,0,0,0,0,0,0,0,0,0,0,0,0,0,0,0,0,0,0,0,0,0,0,0,0,0,0,0,0,0,0,0,0,0,0,0,0,0,1,0,0,0,0,0,0,0,0,0,0,0,0,0,0,0,0,0,0,0,0,0,0,0,0,0,0,0,0,0,0,0,0,0,0,0,0,0,0,0,0,35
78705,92,53.126272,18.001738,2016/09/06/09/57/36,Nzc3NjQzMzk3ODE4MTMxMTIyOQ==,5.11696e+18,5.11696e+18,5.11696e+18,5.11696e+18,5.11696e+18,5.11696e+18,5.11696e+18,morning,13,0,Warsaw,Europe,MostlyCloudy,21.0,6.1,43,1027.01,partly-cloudy-day,368,6,8,411,1167,19,27,388,2102.9775,1,1,1,0,0.129565,0,1,1,1,1,1,0.044896,1,1,1,1,1,1,0,0,0,0,0,0,0,0,0,0,0,0,0,0,0,0,0,0,1,0,0,0,0,0,0,0,0,0,0,0,0,0,0,0,0,0,0,0,0,0,0,0,0,0,0,0,0,0,0,0,0,0,0,0,0,0,0,0,0,0,0,0,0,1,0,0,0,0,0,0,0,0,0,0,0,0,0,0,0,0,0,0,0,0,0,0,0,0,0,0,0,0,0,0,0,1,0,0,0,0,0,0,0,0,0,0,0,0,0,0,0,0,0,0,0,0,0,0,0,0,0,0,0,0,0,0,0,0,0,0,0,0,0,0,0,0,0,0,0,0,0,0,0,0,0,0,0,0,0,0,0,92
78706,16,44.47732,26.094434,2016/09/06/09/57/35,MTY1MDcxNzIxNjU2ODE5NTI4NjE=,4.66179e+18,4.66179e+18,4.66179e+18,4.66179e+18,4.66179e+18,4.66179e+18,4.66179e+18,morning,13,0,Bucharest,Europe,Overcast,27.3,13.21,86,1016.45,cloudy,405,6,45,434,1185,19,45,346,8044.7363,1,1,1,0,0.206733,0,1,1,1,1,1,0.105405,0,1,1,1,1,1,0,0,0,0,0,0,0,0,0,0,0,0,0,0,0,0,0,0,0,0,0,0,0,0,0,0,0,0,0,0,0,0,0,0,0,0,0,0,0,0,0,0,0,0,0,0,0,0,0,0,0,0,0,0,0,0,0,0,0,0,0,0,0,0,0,0,0,0,0,0,0,0,0,0,0,0,0,0,0,0,0,0,0,0,0,0,0,0,0,0,0,0,0,0,0,0,0,0,0,0,0,0,0,0,0,0,0,0,0,0,0,0,0,0,0,0,0,0,0,0,0,0,0,0,0,0,0,0,0,0,0,0,0,0,0,0,0,0,0,0,0,0,0,0,0,0,0,0,0,0,0,16
78707,41,45.839521000000005,1.2426270000000001,2016/09/06/09/57/34,MTIzNTAxODkyNTAyMzM2MzA1NzM=,5.18781e+18,5.18781e+18,5.18781e+18,5.18781e+18,5.18781e+18,5.18781e+18,5.18781e+18,morning,14,0,Paris,Europe,Overcast,25.0,9.14,23,1022.42,cloudy,443,7,23,310,1225,20,25,472,1517.408,1,1,1,0,0.928527,0,0,0,1,1,1,0.325412,0,0,1,1,1,1,0,0,0,0,0,0,0,0,0,0,0,0,0,0,0,1,0,0,0,0,0,0,0,0,0,0,0,0,0,0,0,0,0,0,0,0,0,0,0,0,0,0,0,0,0,0,0,0,0,0,0,0,0,0,0,0,0,0,0,0,0,0,0,0,0,0,0,0,0,0,0,0,0,0,0,0,0,0,0,0,0,0,0,0,0,0,0,0,0,0,0,0,0,0,0,1,0,0,0,0,0,0,0,0,0,0,0,0,0,0,0,0,0,0,0,0,0,0,0,1,0,0,0,0,0,0,0,0,0,0,0,0,0,0,0,0,0,0,0,0,0,0,0,0,0,0,0,0,0,0,0,41
78708,16,45.535284999999995,9.670761,2016/09/06/09/57/32,MTc1OTYyMTc0MDUyODc4Njg5MjU=,5.15248e+18,5.15248e+18,5.15248e+18,5.15248e+18,5.15248e+18,5.15248e+18,5.15248e+18,morning,12,0,Rome,Europe,Clear,26.7,4.69,277,1016.6,clear-day,410,6,50,324,1192,19,52,458,511.28308,0,1,1,0,0.12609,0,1,1,1,1,1,0.177473,0,1,1,1,1,1,0,0,0,0,0,0,0,0,0,0,0,0,0,0,0,0,0,0,0,0,0,0,0,0,0,0,0,0,0,0,0,0,0,0,0,0,0,0,0,0,0,0,0,0,0,0,0,0,0,0,0,0,0,0,0,0,0,0,0,0,0,0,0,0,0,0,0,0,0,0,0,0,0,0,0,0,0,0,0,0,0,0,0,0,0,0,0,0,0,0,0,0,0,0,0,0,0,0,0,0,0,0,0,0,0,0,0,0,0,0,0,0,0,0,0,0,0,0,0,0,0,0,0,0,0,0,0,0,0,0,0,0,0,0,0,0,0,0,0,0,0,0,0,0,0,0,0,0,0,0,0,16
78709,19,1.522349,110.33930600000001,2016/09/06/09/57/28,ODM3MTU1Mjk2MDgxODY3NzUxNw==,3.60166e+18,3.60166e+18,3.60166e+18,3.60166e+18,3.60166e+18,3.60166e+18,3.60166e+18,morning,13,0,Kuching,Asia,Clear,25.1,1.0,66,1011.55,clear-day,394,6,34,745,1122,18,42,-17,411.31375,0,1,1,0,0.344957,0,0,1,1,1,1,0.11466300000000001,0,1,1,1,1,1,0,0,0,0,0,0,0,0,0,0,0,0,0,0,0,1,0,0,0,0,0,0,0,0,0,0,0,0,0,0,0,0,0,0,0,0,0,0,0,0,0,0,0,0,0,0,0,0,0,0,0,0,0,0,0,0,0,0,0,0,0,0,0,0,0,0,0,0,0,0,0,0,0,0,0,0,0,0,0,0,0,0,0,0,0,0,0,0,0,0,0,0,0,0,0,0,0,0,0,0,0,0,0,0,0,0,0,0,0,0,0,0,0,0,0,0,0,0,0,0,0,0,0,0,0,0,0,0,0,0,0,0,0,0,0,0,0,0,0,0,0,0,0,0,0,0,0,0,0,0,0,19
78710,75,41.671376,2.7907029999999997,2016/09/06/09/57/27,MjM5ODkzOTI3ODIyNzE0NzQwNQ==,1.3497e+18,1.3497e+18,1.3497e+18,1.3497e+18,1.3497e+18,1.3497e+18,1.3497e+18,morning,8,1,Madrid,Europe,Clear,31.7,8.79,31,1016.82,clear-day,441,7,21,338,1215,20,15,436,0.0,0,0,0,1,0.113541,0,1,1,1,1,1,0.058133000000000004,1,1,1,1,1,1,0,0,0,0,0,0,0,0,0,0,0,0,0,0,0,0,0,0,0,0,0,0,0,0,0,0,0,0,0,0,0,1,0,0,0,0,0,0,0,0,0,0,0,0,0,0,0,0,0,0,0,0,0,0,0,0,0,0,0,0,0,0,0,0,0,0,0,0,0,0,0,1,0,0,0,0,0,0,0,0,0,0,0,0,0,0,0,0,0,0,0,0,0,0,0,1,0,1,0,0,0,0,0,0,0,0,0,0,0,0,0,0,0,0,0,0,0,0,0,0,0,0,0,0,0,0,0,0,0,0,0,0,0,0,0,0,0,0,0,0,0,0,0,0,0,0,0,0,0,0,0,75
78711,32,49.904057,16.449742999999998,2016/09/06/09/57/27,ODEyMjAzNjgwMDk1MTI2OTQyMQ==,5.12002e+18,5.12002e+18,5.12002e+18,5.12002e+18,5.12002e+18,5.12002e+18,5.12002e+18,morning,5,0,Prague,Europe,MostlyCloudy,15.7,11.39,18,1024.2,partly-cloudy-day,378,6,18,371,1169,19,29,420,256.71356000000003,0,0,1,0,0.4298,0,0,1,1,1,1,0.096444,1,1,1,1,1,1,0,0,0,0,0,0,0,0,0,0,0,0,0,0,0,1,1,0,0,0,0,0,0,0,0,0,0,0,0,0,0,0,0,0,0,0,0,0,0,0,0,0,0,0,0,0,0,0,0,0,0,0,0,0,0,0,0,0,0,0,0,0,0,0,0,0,0,0,0,0,0,0,0,0,0,0,0,0,0,0,0,0,0,0,0,0,0,0,0,0,0,0,0,0,0,0,0,0,0,0,0,0,0,0,0,0,0,0,0,0,0,0,0,0,0,0,0,0,0,0,0,0,0,0,0,0,0,0,0,0,0,0,0,0,0,0,0,0,0,0,0,0,0,0,0,0,0,0,0,0,0,32
78712,58,53.120327,17.998644,2016/09/06/09/57/23,MTE4NjkxMDYwNDYzMzQ3MTcxOTc=,5.11696e+18,5.11696e+18,5.11696e+18,5.11696e+18,5.11696e+18,5.11696e+18,5.11696e+18,morning,13,0,Warsaw,Europe,MostlyCloudy,21.0,6.1,43,1027.01,partly-cloudy-day,368,6,8,411,1167,19,27,388,1220.7147,1,1,1,0,0.467625,0,0,1,1,1,1,0.051440999999999994,1,1,1,1,1,1,0,0,0,0,0,0,0,0,0,0,0,0,0,0,0,0,0,0,0,0,0,0,0,0,0,0,0,0,0,0,0,0,0,0,0,0,0,0,0,0,0,0,0,0,0,0,0,0,0,0,0,0,0,0,0,0,0,0,0,0,0,0,0,0,0,0,0,0,0,0,0,0,0,0,0,0,0,0,0,0,0,0,0,0,0,0,0,0,0,0,0,0,0,0,0,1,0,0,0,0,0,0,0,0,0,0,0,0,0,0,0,0,0,0,0,0,0,0,0,0,0,0,0,0,0,0,0,0,0,0,0,0,0,0,0,0,0,0,0,0,0,0,0,0,0,0,0,0,0,0,0,58
78713,17,23.014964000000003,72.565263,2016/09/06/09/57/22,MTAyNDUyMTYzNjAwNTYyMzkzMw==,4.13389e+18,4.13389e+18,4.13389e+18,4.13389e+18,4.13389e+18,4.13389e+18,4.13389e+18,morning,13,0,Kolkata,Asia,Clear,32.8,8.0,270,1008.29,clear-day,385,6,25,582,1134,18,54,167,5597.982,1,1,1,0,0.4971,0,0,1,1,1,1,0.24411999999999998,0,1,1,1,1,1,0,0,0,0,0,0,0,0,0,0,0,0,0,0,0,0,0,0,0,0,1,0,0,0,0,0,0,0,0,0,0,0,0,0,0,0,0,0,0,0,0,0,0,0,0,0,0,0,0,0,0,0,0,0,0,0,0,0,0,0,0,0,0,0,0,0,0,0,0,0,0,0,0,0,0,0,0,0,0,0,0,0,0,0,0,0,0,0,0,0,0,0,0,0,0,0,0,0,0,0,0,0,0,0,0,0,0,0,0,0,0,0,0,0,0,0,0,0,0,0,0,0,0,0,0,0,0,0,0,0,0,0,0,0,0,0,0,0,0,0,0,0,0,0,0,0,0,0,0,0,0,17
78714,16,45.470053,9.159322999999999,2016/09/06/09/57/22,MTYwNDY2MjMyMzQwMDY3NjE0MjE=,5.15402e+18,5.15402e+18,5.15402e+18,5.15402e+18,5.15402e+18,5.15402e+18,5.15402e+18,morning,13,0,Rome,Europe,Clear,27.6,5.48,212,1015.68,clear-day,412,6,52,361,1193,19,53,420,6471.7783,1,1,1,0,0.366399,0,0,1,1,1,1,0.04941,1,1,1,1,1,1,0,0,0,0,0,0,0,0,0,0,0,0,0,0,0,0,0,0,0,0,0,0,0,0,0,0,0,0,0,0,0,0,0,0,0,0,0,0,0,0,0,0,0,0,0,0,0,0,0,0,0,0,0,0,0,0,0,0,0,0,0,0,0,0,0,0,0,0,0,0,0,0,0,0,0,0,0,0,0,0,0,0,0,0,0,0,0,0,0,0,0,0,0,0,0,0,0,0,0,0,0,0,0,0,0,0,0,0,0,0,0,0,0,0,0,0,0,0,0,0,0,0,0,0,0,0,0,0,0,0,0,0,0,0,0,0,0,0,0,0,0,0,0,0,0,0,0,0,0,0,0,16
78715,13,41.666129999999995,2.779109,2016/09/06/09/57/21,NDQwNzMzMzk0MDczMzA2NzMz,1.3497e+18,1.3497e+18,1.3497e+18,1.3497e+18,1.3497e+18,1.3497e+18,1.3497e+18,morning,0,1,Madrid,Europe,Clear,31.7,8.79,31,1016.82,clear-day,441,7,21,338,1215,20,15,436,0.0,0,0,0,1,0.468258,0,0,1,1,1,1,0.394611,0,0,1,1,1,1,1,0,0,0,0,0,0,0,0,0,0,0,0,0,0,0,0,0,0,0,0,0,0,0,0,0,0,0,0,0,0,0,0,0,0,0,0,0,0,0,0,0,0,0,0,0,0,0,0,0,0,0,0,0,0,0,0,0,0,0,0,0,0,0,0,0,0,0,0,0,0,1,0,0,0,0,0,0,0,0,0,0,0,0,0,0,0,0,0,0,0,0,0,0,0,0,0,0,0,0,0,0,0,0,0,0,0,0,0,0,0,0,0,0,0,0,0,0,0,0,0,0,0,0,0,0,0,0,0,0,0,0,0,0,0,0,0,0,0,0,0,0,0,0,0,0,0,0,0,0,0,13
78716,16,30.425824,-91.052666,2016/09/06/09/57/20,MTE1MDc3ODkyNzUyODg2ODAyMjE=,9.66662e+18,9.66662e+18,9.66662e+18,9.66662e+18,9.66662e+18,9.66662e+18,9.66662e+18,morning,13,0,Chicago,America,Clear,24.1,3.03,72,1020.03,clear-night,405,6,45,-107,1162,19,22,864,1177.243,1,1,1,0,0.023932,1,1,1,1,1,1,0.356122,0,0,1,1,1,1,0,0,0,0,0,0,0,0,0,0,0,0,0,0,0,0,0,0,0,0,0,0,0,0,0,0,0,0,0,0,0,0,0,0,0,0,0,0,0,0,0,0,0,0,0,0,0,0,0,0,0,0,0,0,0,0,0,0,0,1,0,0,0,0,0,0,0,0,0,0,0,0,0,0,0,0,0,0,0,0,0,0,0,0,0,0,0,0,0,0,0,0,0,0,0,0,0,0,0,0,0,0,0,0,0,0,0,0,0,0,0,0,0,0,0,0,0,0,0,0,0,0,0,0,0,0,0,0,0,0,0,0,0,0,0,0,0,0,0,0,0,0,0,0,0,0,0,0,0,0,0,16
78717,17,1.521708,110.33949199999999,2016/09/06/09/57/19,OTI4NzU4MDkxNzk3ODU2Mzk3,3.60166e+18,3.60166e+18,3.60166e+18,3.60166e+18,3.60166e+18,3.60166e+18,3.60166e+18,morning,13,0,Kuching,Asia,Clear,25.1,1.0,66,1011.55,clear-day,394,6,34,745,1122,18,42,-17,411.31375,0,1,1,0,0.382425,0,0,1,1,1,1,0.16851300000000002,0,1,1,1,1,1,0,0,0,0,0,0,0,0,0,0,0,0,0,0,0,0,0,0,0,0,0,0,0,0,0,0,0,0,0,0,0,0,0,0,0,0,0,0,0,0,0,0,0,0,0,0,0,0,0,0,0,0,0,0,0,0,0,0,0,0,0,0,0,0,0,0,0,0,0,0,0,0,0,0,0,0,0,0,0,0,0,0,0,0,0,0,0,0,0,0,0,0,0,0,0,0,0,0,0,0,0,0,0,0,0,0,0,0,0,0,0,0,0,0,0,0,0,0,0,0,0,0,0,0,0,0,0,0,0,0,0,0,0,0,0,0,0,0,0,0,0,0,0,0,0,0,0,0,0,0,0,17
78718,21,47.741808,-117.51218700000001,2016/09/06/09/57/19,NjMzNDI3NDQ1OTYzMTAyODQ5Mw==,6.09734e+18,6.09734e+18,6.09734e+18,6.09734e+18,6.09734e+18,6.09734e+18,6.09734e+18,morning,1,0,Los_Angeles,America,PartlyCloudy,12.1,3.62,134,1011.31,partly-cloudy-night,377,6,17,-193,1161,19,21,977,16.9179,0,0,0,1,0.5027739999999999,0,0,0,1,1,1,1.0420260000000001,0,0,0,0,1,1,0,0,0,0,0,0,0,0,0,0,0,0,0,0,0,0,0,0,0,0,0,0,0,0,0,0,0,0,0,0,0,1,1,0,0,0,0,0,1,0,0,0,0,0,0,0,0,0,0,0,0,0,0,0,0,0,0,0,0,0,0,0,0,0,0,0,0,0,0,0,0,0,0,0,0,0,0,0,0,0,0,0,0,0,0,0,0,0,0,0,0,0,0,0,0,0,0,0,0,0,0,0,0,0,0,0,0,0,0,0,0,0,0,0,0,0,0,0,0,0,0,0,0,0,0,0,0,0,0,0,0,0,0,0,0,0,0,0,0,0,0,0,0,0,0,0,0,0,0,0,0,21
78719,48,45.839849,1.246588,2016/09/06/09/57/18,NjAwMjgzMTAxMjYxNjQzODM5Nw==,5.18781e+18,5.18781e+18,5.18781e+18,5.18781e+18,5.18781e+18,5.18781e+18,5.18781e+18,morning,14,0,Paris,Europe,Overcast,25.0,9.14,23,1022.42,cloudy,443,7,23,310,1225,20,25,472,1517.408,1,1,1,0,1.079436,0,0,0,0,1,1,0.547999,0,0,0,1,1,1,0,0,0,0,0,0,0,0,0,0,0,0,0,0,0,0,0,0,0,0,0,0,0,0,0,0,0,0,0,0,0,0,0,0,0,0,0,0,0,0,0,0,0,0,0,0,0,0,0,0,0,0,0,0,0,0,0,0,0,0,0,0,0,0,0,0,0,0,0,0,0,0,0,0,0,0,0,0,0,0,0,0,0,0,0,0,0,0,0,0,0,0,0,0,0,0,0,0,0,0,0,0,0,0,0,0,0,0,0,0,0,0,0,0,0,0,0,0,0,0,0,0,0,0,0,0,0,0,0,0,0,0,0,0,0,0,0,0,0,0,0,0,0,0,0,0,0,0,0,0,0,48
78720,21,45.840118,1.242266,2016/09/06/09/57/16,MTQ5ODcwMjEzMzczOTY5Njk0Njk=,5.18781e+18,5.18781e+18,5.18781e+18,5.18781e+18,5.18781e+18,5.18781e+18,5.18781e+18,morning,14,0,Paris,Europe,Overcast,25.0,9.14,23,1022.42,cloudy,443,7,23,310,1225,20,25,472,1517.408,1,1,1,0,0.986857,0,0,0,1,1,1,0.34829899999999997,0,0,1,1,1,1,0,0,0,0,0,0,0,0,0,0,0,0,0,0,0,0,0,0,0,0,0,0,0,0,0,0,0,0,0,0,0,0,0,0,0,0,0,0,0,0,0,0,0,0,0,0,0,0,0,0,0,0,0,0,0,0,0,0,0,0,0,0,0,0,0,0,0,0,0,0,0,0,0,0,0,0,0,0,0,0,0,0,0,0,0,0,0,0,0,0,0,0,0,0,0,0,0,0,0,0,0,0,0,0,0,0,0,0,0,0,0,0,0,0,0,0,0,0,0,0,0,0,0,0,0,0,0,0,0,0,0,0,0,0,0,0,0,0,0,0,0,0,0,0,0,0,0,0,0,0,0,21
78721,23,47.740637,-117.51381599999999,2016/09/06/09/57/12,MTczMzA5ODk3MDUxOTAxOTMyMjk=,6.09734e+18,6.09734e+18,6.09734e+18,6.09734e+18,6.09734e+18,6.09734e+18,6.09734e+18,morning,1,0,Los_Angeles,America,PartlyCloudy,12.1,3.62,134,1011.31,partly-cloudy-night,377,6,17,-193,1161,19,21,977,16.9179,0,0,0,1,0.6779390000000001,0,0,0,1,1,1,0.92625,0,0,0,1,1,1,0,0,0,0,0,0,0,0,0,0,0,0,0,0,0,0,0,0,0,0,0,0,0,0,0,0,0,0,1,0,0,1,0,0,0,0,0,0,1,0,0,0,0,0,0,0,0,0,0,1,0,0,0,0,0,0,0,0,0,0,0,0,0,0,0,0,0,0,0,0,0,0,0,0,0,0,0,0,0,0,0,0,0,0,0,0,0,0,0,0,0,0,0,0,0,0,0,0,0,0,0,0,0,0,0,0,0,0,0,0,0,0,0,0,0,0,0,0,0,0,0,0,0,0,0,0,0,0,0,0,0,0,0,0,0,0,0,0,0,0,0,0,0,0,0,0,0,0,0,0,0,23
78760,102,1.522392,110.33493100000001,2016/09/06/09/56/29,MTgxNDE4MDY0MTM0NTIzODU3NDE=,3.60166e+18,3.60166e+18,3.60166e+18,3.60166e+18,3.60166e+18,3.60166e+18,3.60166e+18,morning,13,0,Kuching,Asia,Clear,25.1,1.0,66,1011.55,clear-day,394,6,34,745,1122,18,42,-17,411.31375,0,1,1,0,0.23161900000000002,0,1,1,1,1,1,0.193976,0,1,1,1,1,1,0,0,0,0,0,0,0,0,0,0,0,0,0,0,0,0,0,0,0,0,0,0,0,0,0,0,0,0,0,0,0,0,0,0,0,0,0,0,0,0,0,0,0,0,0,0,0,0,0,0,0,0,0,0,0,0,0,0,0,0,0,0,0,0,0,0,0,0,0,0,0,0,0,0,0,0,0,0,0,0,0,0,0,0,0,0,0,0,0,0,0,0,0,0,0,0,0,0,0,0,0,0,0,0,0,0,0,0,0,0,0,0,0,0,0,0,0,0,0,0,0,0,0,0,0,0,0,0,0,0,0,0,0,0,0,0,0,0,0,0,0,0,0,0,0,0,0,0,0,0,0,102
78761,96,63.28254499999999,10.265264,2016/09/06/09/56/27,MTY3MzAwNzEwNzA2MzAwMjM4MDU=,5.07476e+18,5.07476e+18,5.07476e+18,5.07476e+18,5.07476e+18,5.07476e+18,5.07476e+18,morning,7,0,Oslo,Europe,Clear,14.7,0.49,109,1008.72,clear-day,380,6,20,399,1216,20,16,437,18.862122,0,0,0,1,0.375603,0,0,1,1,1,1,0.138883,0,1,1,1,1,1,0,0,0,0,0,0,0,0,0,0,0,0,0,0,0,0,0,0,0,0,0,0,0,0,0,0,0,0,0,0,0,0,0,0,0,0,0,0,0,0,0,0,0,0,0,0,0,0,0,0,0,0,0,0,0,0,0,0,0,0,0,0,0,0,0,0,0,0,0,0,0,0,0,0,0,0,0,0,0,0,0,0,0,0,0,0,0,0,0,0,0,0,0,0,0,0,0,0,0,0,0,0,0,0,0,0,0,0,0,0,0,0,0,0,0,0,0,0,0,0,0,0,0,0,0,0,0,0,0,0,0,0,0,0,0,0,0,0,0,0,0,0,0,0,0,0,0,0,0,0,0,96
78762,13,55.520920999999994,12.902560000000001,2016/09/06/09/56/26,MTY3ODUwMjQ2NjA4OTc3MDM1NDk=,5.0674e+18,5.0674e+18,5.0674e+18,5.0674e+18,5.0674e+18,5.0674e+18,5.0674e+18,morning,0,1,Stockholm,Europe,Clear,19.3,8.23,218,1027.46,clear-day,385,6,25,359,1191,19,51,447,1691.79,1,1,1,0,20.704194,0,0,0,0,0,0,20.704194,0,0,0,0,0,0,0,0,0,0,0,0,0,0,0,0,0,0,0,0,0,0,0,0,0,0,0,0,0,0,0,0,0,0,0,0,0,0,0,0,0,0,0,0,0,0,0,0,0,0,0,0,0,0,0,0,0,0,0,0,0,0,0,0,0,0,0,0,0,0,0,0,0,0,0,0,0,0,0,0,0,0,0,0,0,0,0,0,0,0,0,0,0,0,0,0,0,0,0,0,0,0,0,0,0,0,0,0,0,0,0,0,0,0,0,0,0,0,0,0,0,0,0,0,0,0,0,0,0,0,0,0,0,0,0,0,0,0,0,0,0,0,0,0,0,0,0,0,0,0,0,0,0,0,0,0,0,13
78763,48,50.043328,15.774272,2016/09/06/09/56/26,MTUyNzA4MDYzMTU4MDQ2OTI1MjU=,5.11997e+18,5.11997e+18,5.11997e+18,5.11997e+18,5.11997e+18,5.11997e+18,5.11997e+18,morning,13,0,Prague,Europe,PartlyCloudy,18.1,7.86,2,1025.3,partly-cloudy-day,381,6,21,382,1172,19,32,409,659.01855,0,1,1,0,0.053975,1,1,1,1,1,1,0.280831,0,0,1,1,1,1,0,0,0,0,0,0,0,0,0,0,0,0,0,0,0,0,0,0,0,0,0,0,0,0,0,0,0,0,0,0,0,0,0,0,0,0,0,0,0,0,0,0,0,0,0,0,0,0,0,0,0,0,0,0,0,0,0,0,0,0,0,0,0,0,0,0,0,0,0,0,0,0,0,0,0,0,0,0,0,0,0,0,0,0,0,0,0,0,0,0,0,0,0,0,0,0,0,0,0,0,0,0,0,0,0,0,0,0,0,0,0,0,0,0,0,0,0,0,0,0,0,0,0,0,0,0,0,0,0,0,0,0,0,0,0,0,0,0,0,0,0,0,0,0,0,0,0,0,0,0,0,48
78764,16,44.418146,11.910366,2016/09/06/09/56/25,NDI5MDUwMzYyMzg4NTAxNzQyMQ==,5.15156e+18,5.15156e+18,5.15156e+18,5.15156e+18,5.15156e+18,5.15156e+18,5.15156e+18,morning,12,0,Rome,Europe,Clear,22.6,4.5,199,1017.3,clear-day,402,6,42,342,1181,19,41,437,256.71356000000003,0,0,1,0,0.496233,0,0,1,1,1,1,0.08732999999999999,1,1,1,1,1,1,0,0,0,0,0,0,0,0,0,0,0,0,1,0,0,0,0,0,1,0,0,0,0,0,0,0,1,0,0,0,0,0,0,0,0,0,0,0,0,0,0,0,0,0,0,0,0,0,0,0,0,0,0,0,0,0,0,0,0,0,0,0,0,0,0,0,0,0,0,0,0,0,0,0,0,0,0,0,0,0,0,0,0,0,0,0,0,0,0,0,0,0,0,0,0,0,0,0,0,0,0,0,0,0,0,0,0,0,0,0,0,0,0,0,0,0,0,0,0,0,0,0,0,0,0,0,0,0,0,0,0,0,0,0,0,0,0,0,0,0,0,0,0,0,0,0,0,0,0,0,0,16
78765,19,41.666421,2.7799650000000002,2016/09/06/09/56/23,MTY3MDkzMDA4MTczODMzMDk0NTM=,1.3497e+18,1.3497e+18,1.3497e+18,1.3497e+18,1.3497e+18,1.3497e+18,1.3497e+18,morning,0,1,Madrid,Europe,Clear,31.7,8.79,31,1016.82,clear-day,441,7,21,338,1215,20,15,436,0.0,0,0,0,1,0.39761599999999997,0,0,1,1,1,1,0.40686100000000003,0,0,1,1,1,1,0,0,0,0,0,0,0,0,0,0,0,0,0,0,0,1,0,0,0,0,0,0,0,0,0,0,0,0,0,0,0,1,0,0,0,0,0,0,0,0,0,0,1,0,0,1,0,1,0,0,0,0,0,0,0,0,0,0,0,0,0,0,0,0,0,0,0,0,0,0,0,0,0,0,0,0,0,0,0,0,0,0,0,0,0,0,0,0,0,0,0,0,0,0,0,1,0,0,0,0,0,0,0,0,0,0,0,0,0,0,0,0,0,0,0,0,0,0,0,0,0,0,0,0,0,0,0,0,0,0,0,0,0,0,0,0,0,0,0,0,0,0,0,0,0,0,0,0,0,0,0,19
78766,16,53.124849,17.993594,2016/09/06/09/56/22,NDAwNjk3NjMzODg4Mzg4MzA2OQ==,5.11696e+18,5.11696e+18,5.11696e+18,5.11696e+18,5.11696e+18,5.11696e+18,5.11696e+18,morning,13,0,Warsaw,Europe,MostlyCloudy,21.0,6.1,43,1027.01,partly-cloudy-day,368,6,8,411,1167,19,27,388,1220.7147,1,1,1,0,0.449921,0,0,1,1,1,1,0.039237,1,1,1,1,1,1,0,0,0,0,0,0,0,0,0,0,0,0,0,0,0,0,0,0,0,0,0,0,0,0,0,0,0,0,0,0,0,0,0,0,0,0,0,0,0,0,0,0,0,0,0,0,0,0,0,0,0,0,0,0,0,0,0,0,0,0,0,0,0,0,0,0,0,0,0,0,0,0,0,0,0,0,0,0,0,0,0,0,0,0,0,0,0,0,0,0,0,0,0,0,0,0,0,0,0,0,0,0,0,0,0,0,0,0,0,0,0,0,0,0,0,0,0,0,0,0,0,0,0,0,0,0,0,0,0,0,0,0,0,0,0,0,0,0,0,0,0,0,0,0,0,0,0,0,0,0,0,16
78767,16,43.742259000000004,10.977212,2016/09/06/09/56/21,MTcxMjQzNjE1MDg5MDAxMjcyNDU=,1.38103e+18,1.38103e+18,1.38103e+18,1.38103e+18,1.38103e+18,1.38103e+18,1.38103e+18,morning,12,0,Rome,Europe,PartlyCloudy,24.7,6.01,68,1017.16,partly-cloudy-day,406,6,46,312,1184,19,44,466,442.25145999999995,0,1,1,0,0.20681100000000002,0,1,1,1,1,1,0.08067200000000001,1,1,1,1,1,1,0,0,0,0,0,0,0,0,0,0,0,0,0,0,0,0,0,0,0,0,0,0,0,0,0,0,0,0,0,0,0,0,0,0,0,0,0,0,0,0,0,0,0,0,0,0,0,0,0,0,0,0,0,0,0,0,0,0,0,0,0,0,0,0,0,0,0,0,0,0,0,0,0,0,0,0,0,0,0,0,0,0,0,0,0,0,0,0,0,0,0,0,0,0,0,0,0,0,0,0,0,0,0,0,0,0,0,0,0,0,0,0,0,0,0,0,0,0,0,0,0,0,0,0,0,0,0,0,0,0,0,0,0,0,0,0,0,0,0,0,0,0,0,0,0,0,0,0,0,0,0,16
78768,43,45.586518,9.600978,2016/09/06/09/56/20,MTEzOTM4MTg2NDE4OTYyMDg3NDk=,5.15249e+18,5.15249e+18,5.15249e+18,5.15249e+18,5.15249e+18,5.15249e+18,5.15249e+18,morning,13,0,Rome,Europe,Clear,26.7,4.69,277,1016.6,clear-day,410,6,50,324,1192,19,52,458,511.28308,0,1,1,0,0.742607,0,0,0,1,1,1,0.576245,0,0,0,1,1,1,0,0,0,0,0,0,0,0,0,0,0,0,0,0,0,0,0,0,0,0,0,0,0,0,0,0,0,0,0,0,0,0,0,0,0,0,0,0,0,0,0,0,0,0,0,0,0,0,0,0,0,0,0,0,0,0,0,0,0,0,0,0,0,0,0,0,0,0,0,0,0,0,0,0,0,0,0,0,0,0,0,0,0,0,0,0,0,0,0,0,0,0,0,0,0,0,0,0,0,0,0,0,0,0,0,0,0,0,0,0,0,0,0,0,0,0,0,0,0,0,0,0,0,0,0,0,0,0,0,0,0,0,0,0,0,0,0,0,0,0,0,0,0,0,0,0,0,0,0,0,0,43
202162,19,56.000888,13.289743,2016/09/04/13/21/59,MjE4ODg5MTE4NzE4MDIxMDA5Mw==,5.06761e+18,5.06761e+18,5.06761e+18,5.06761e+18,5.06761e+18,5.06761e+18,5.06761e+18,afternoon,5,0,Stockholm,Europe,MostlyCloudy,17.4,4.89,127,1007.45,partly-cloudy-day,378,6,18,554,1195,19,55,263,38.953922,0,0,0,1,3.259282,0,0,0,0,0,1,3.259282,0,0,0,0,0,1,0,0,0,0,0,0,0,0,0,0,0,0,1,0,0,1,0,0,0,0,0,0,0,0,0,0,0,0,1,0,0,0,0,0,0,0,0,0,0,0,0,0,0,0,0,0,0,0,0,0,0,0,0,0,0,0,0,0,0,0,0,0,0,0,0,0,0,0,0,0,0,0,0,0,0,0,0,0,0,0,0,0,0,0,0,0,0,0,0,0,0,0,0,0,0,0,0,0,0,0,0,0,0,0,0,0,0,0,0,0,0,0,0,0,0,0,0,0,0,0,0,0,0,0,0,0,0,1,0,0,0,0,0,0,0,0,0,0,0,0,0,0,0,0,0,0,0,0,0,0,0,19
202163,16,46.035071,8.957372,2016/09/04/13/21/59,MTU5OTc5ODc0Mzc2ODgzMDcxNDk=,5.1533e+18,5.1533e+18,5.1533e+18,5.1533e+18,5.1533e+18,5.1533e+18,5.1533e+18,afternoon,5,0,Zurich,Europe,Clear,26.6,3.49,209,1014.42,clear-day,410,6,50,544,1198,19,58,244,426.5022,0,1,1,0,0.723638,0,0,0,1,1,1,0.341378,0,0,1,1,1,1,0,0,0,0,0,0,0,0,0,0,0,0,1,0,0,0,0,0,0,0,0,0,0,0,0,0,0,0,0,0,0,0,0,0,0,0,0,0,0,0,0,0,0,0,0,0,0,0,0,0,0,0,0,0,0,0,0,0,0,0,0,0,0,0,0,0,0,0,0,0,0,0,0,0,0,0,0,0,0,0,0,0,0,0,0,0,0,0,0,1,0,0,0,0,0,0,0,0,0,0,0,0,0,0,0,0,0,0,0,0,0,0,0,0,0,0,0,0,0,0,0,0,0,0,0,0,0,0,0,0,0,0,0,0,0,0,0,0,0,0,0,0,0,0,0,0,0,0,0,0,0,16
202164,32,50.045142,14.493646,2016/09/04/13/21/58,MTcyNjU4OTI5MTM2NjI3NjgxMw==,5.11935e+18,5.11935e+18,5.11935e+18,5.11935e+18,5.11935e+18,5.11935e+18,5.11935e+18,afternoon,13,0,Prague,Europe,MostlyCloudy,23.0,14.0,251,1011.83,partly-cloudy-day,383,6,23,576,1182,19,42,223,2261.157,1,1,1,0,0.12821400000000002,0,1,1,1,1,1,0.10937999999999999,0,1,1,1,1,1,0,0,0,0,0,0,0,0,0,0,0,0,0,0,0,0,0,0,0,0,0,0,0,0,0,0,0,0,0,0,0,0,0,0,0,0,0,0,0,0,0,0,0,0,0,0,0,0,0,0,0,0,0,0,0,0,0,0,0,0,0,0,0,0,0,0,0,0,0,0,0,0,0,0,0,0,0,0,0,0,0,0,0,0,0,0,0,0,0,0,0,0,0,0,0,0,0,0,0,0,0,0,0,0,0,0,0,0,0,0,0,0,0,0,0,0,0,0,0,0,0,0,0,0,0,0,0,0,0,0,0,0,0,0,0,0,0,0,0,0,0,0,0,0,0,0,0,0,0,0,0,32
202165,21,43.723508,-1.0547600000000001,2016/09/04/13/21/57,NDY4MTcwOTg1ODM2NjgzOTExNw==,9.61138e+17,9.61138e+17,9.61138e+17,9.61138e+17,9.61138e+17,9.61138e+17,9.61138e+17,afternoon,14,0,Paris,Europe,Clear,30.4,5.15,292,1019.61,clear-day,452,7,32,481,1236,20,36,303,319.10748,0,0,1,0,0.126646,0,1,1,1,1,1,0.10639100000000001,0,1,1,1,1,1,1,0,0,0,0,0,0,0,0,0,0,0,0,0,0,0,0,0,0,0,0,0,0,0,0,0,0,0,0,0,0,0,0,0,0,0,0,0,0,0,0,0,0,0,0,0,0,0,0,0,0,0,0,0,0,0,0,0,0,0,0,0,0,1,0,0,0,0,0,0,0,0,0,0,0,0,0,0,0,0,0,0,0,0,0,0,0,0,0,0,0,0,0,0,0,1,0,0,0,0,0,0,0,0,0,0,0,0,0,0,0,0,0,0,0,0,0,0,0,1,0,0,0,0,0,0,0,0,0,0,0,0,0,0,0,0,0,0,0,0,0,0,0,0,0,0,0,0,0,0,0,21
202166,79,50.092754,14.413568,2016/09/04/13/21/56,NDI4ODk0MDU5ODg1MTAyNTcyNQ==,5.11935e+18,5.11935e+18,5.11935e+18,5.11935e+18,5.11935e+18,5.11935e+18,5.11935e+18,afternoon,13,0,Prague,Europe,MostlyCloudy,23.0,14.0,251,1011.83,partly-cloudy-day,383,6,23,576,1182,19,42,223,2261.157,1,1,1,0,0.277646,0,0,1,1,1,1,0.021185,1,1,1,1,1,1,0,0,0,0,0,0,0,0,0,0,0,0,0,0,0,0,0,0,0,0,0,0,0,0,0,0,0,0,0,0,0,0,0,0,0,0,0,0,0,0,0,0,0,0,0,0,0,0,0,0,0,0,0,0,0,0,0,0,0,0,0,0,0,0,0,0,0,0,0,0,0,0,0,0,0,0,0,0,0,0,0,0,0,0,0,0,0,0,0,0,0,0,0,0,0,0,0,0,0,0,0,0,0,0,0,0,0,0,0,0,0,0,0,0,0,0,0,0,0,0,0,0,0,0,0,0,0,0,0,0,0,0,0,0,0,0,0,0,0,0,0,0,0,0,0,0,0,0,0,0,0,79
202167,102,44.418783000000005,11.910542,2016/09/04/13/21/56,MjY0MzczNTkyMDI1NzQzMDIyMQ==,5.15156e+18,5.15156e+18,5.15156e+18,5.15156e+18,5.15156e+18,5.15156e+18,5.15156e+18,afternoon,12,0,Rome,Europe,Clear,31.2,6.49,116,1015.26,clear-day,400,6,40,559,1185,19,45,226,256.71356000000003,0,0,1,0,0.34339899999999995,0,0,1,1,1,1,0.100872,0,1,1,1,1,1,0,0,0,0,0,0,0,0,0,0,0,0,0,0,0,0,0,0,0,0,0,0,0,0,0,0,0,0,0,0,0,1,0,0,0,0,0,0,0,0,0,0,0,0,0,0,0,0,0,0,0,0,0,0,0,0,0,0,0,1,0,0,0,1,0,0,0,0,0,0,0,0,0,0,0,0,0,0,0,0,0,0,0,1,0,0,0,0,0,0,0,0,0,0,0,0,0,0,0,0,0,0,0,0,0,0,0,0,0,0,0,0,0,0,0,0,0,0,0,0,0,0,0,0,0,0,0,0,0,0,0,0,0,0,0,0,0,0,0,0,0,0,0,0,0,0,0,0,0,0,0,102
202168,13,50.227722,12.880394,2016/09/04/13/21/54,OTYzNjk0MDgyODMyNTg0MDczMw==,5.16129e+18,5.16129e+18,5.16129e+18,5.16129e+18,5.16129e+18,5.16129e+18,5.16129e+18,afternoon,5,0,Prague,Europe,MostlyCloudy,19.1,7.73,263,1012.29,partly-cloudy-day,389,6,29,535,1188,19,48,264,880.8093,1,1,1,0,0.422545,0,0,1,1,1,1,0.061627999999999995,1,1,1,1,1,1,0,0,0,0,0,0,0,0,0,0,0,0,0,0,0,0,0,0,0,0,0,0,0,0,0,0,0,0,0,0,0,0,0,0,0,0,0,0,0,0,0,0,0,0,0,0,0,0,0,0,0,0,0,0,0,0,0,0,0,0,0,0,0,0,0,0,0,0,0,0,0,0,0,0,0,0,0,0,0,0,0,0,0,0,0,0,0,0,0,0,0,0,0,0,0,0,0,0,0,0,0,0,0,0,0,0,0,0,0,0,0,0,0,0,0,0,0,0,0,0,0,0,0,0,0,0,0,0,0,0,0,0,0,0,0,0,0,0,0,0,0,0,0,0,0,0,0,0,0,0,0,13
202169,16,10.781361,106.700199,2016/09/04/13/21/53,ODM4ODI3MDYyMjYxMDMwNDg3Nw==,3.56381e+18,3.56381e+18,3.56381e+18,3.56381e+18,3.56381e+18,3.56381e+18,3.56381e+18,afternoon,13,0,Ho_Chi_Minh,Asia,Clear,25.6,5.0,250,1007.58,clear-day,345,5,45,898,1082,18,2,-161,570.0402,0,1,1,0,0.194521,0,1,1,1,1,1,0.018532,1,1,1,1,1,1,0,0,0,0,0,0,0,0,0,0,0,0,0,0,0,0,0,0,0,0,0,0,0,0,0,0,0,0,0,0,0,0,0,0,0,0,0,0,0,0,0,0,0,0,0,0,0,0,0,0,0,0,0,0,0,0,0,0,0,0,0,0,0,0,0,0,0,0,0,0,0,0,0,0,0,0,0,0,0,0,0,0,0,0,0,0,0,0,0,0,0,0,0,0,0,0,0,0,0,0,0,0,0,0,0,0,0,0,0,0,0,0,0,0,0,0,0,0,0,0,0,0,0,0,0,0,0,0,0,0,0,0,0,0,0,0,0,0,0,0,0,0,0,0,0,0,0,0,0,0,0,16
202170,19,49.504502,6.276069000000001,2016/09/04/13/21/52,MzUyMTYwNjY4ODMxNDA3NzAyMQ==,5.1581e+18,5.1581e+18,5.1581e+18,5.1581e+18,5.1581e+18,5.1581e+18,5.1581e+18,afternoon,14,0,Amsterdam,Europe,MostlyCloudy,18.3,17.8,265,1008.68,partly-cloudy-day,414,6,54,509,1220,20,20,297,86.49835999999999,0,0,0,1,0.1709,0,1,1,1,1,1,0.194774,0,1,1,1,1,1,0,0,0,0,0,0,0,0,0,0,0,0,0,0,0,0,0,0,0,0,0,0,0,0,0,0,0,0,0,0,0,0,0,0,0,0,0,0,0,0,0,0,0,0,0,0,0,0,0,0,0,0,0,0,0,0,0,0,0,0,0,0,0,0,0,0,0,0,0,0,0,0,0,0,0,0,0,0,0,0,0,0,0,0,0,0,0,0,0,0,0,0,0,0,0,0,0,0,0,0,0,0,0,0,0,0,0,0,0,0,0,0,0,0,0,0,0,0,0,0,0,0,0,0,0,0,0,0,0,0,0,0,0,0,0,0,0,0,0,0,0,0,0,0,0,0,0,0,0,0,0,19
202171,16,10.781371,106.700015,2016/09/04/13/21/51,MTY3MDU2MDI4MTI5NDQ2NDA0NDU=,3.56381e+18,3.56381e+18,3.56381e+18,3.56381e+18,3.56381e+18,3.56381e+18,3.56381e+18,afternoon,13,0,Ho_Chi_Minh,Asia,Clear,25.6,5.0,250,1007.58,clear-day,345,5,45,898,1082,18,2,-161,570.0402,0,1,1,0,0.193064,0,1,1,1,1,1,0.016971,1,1,1,1,1,1,0,0,0,0,0,0,0,0,0,0,0,0,0,0,0,0,0,0,0,0,0,0,0,0,0,0,0,0,0,0,0,0,0,0,0,0,0,0,0,0,0,0,0,0,0,0,0,0,0,0,0,0,0,0,0,0,0,0,0,0,0,0,0,0,0,0,0,0,0,0,0,0,0,0,0,0,0,0,0,0,0,0,0,0,0,0,0,0,0,0,0,0,0,0,0,0,0,0,0,0,0,0,0,0,0,0,0,0,0,0,0,0,0,0,0,0,0,0,0,0,0,0,0,0,0,0,0,0,0,0,0,0,0,0,0,0,0,0,0,0,0,0,0,0,0,0,0,0,0,0,0,16
202172,19,44.418952000000004,11.913782000000001,2016/09/04/13/21/51,MzEzNjU3NzUyMjEzMjI2NTA5,5.15156e+18,5.15156e+18,5.15156e+18,5.15156e+18,5.15156e+18,5.15156e+18,5.15156e+18,afternoon,12,0,Rome,Europe,Clear,31.2,6.49,116,1015.26,clear-day,400,6,40,559,1185,19,45,226,256.71356000000003,0,0,1,0,0.294254,0,0,1,1,1,1,0.045564,1,1,1,1,1,1,0,0,0,0,0,0,0,0,0,0,0,0,1,0,0,1,0,0,0,0,0,0,0,0,0,0,0,0,0,0,0,0,0,0,0,0,0,0,0,0,0,0,0,0,0,0,0,0,0,0,0,0,0,0,0,0,0,0,0,0,0,0,0,0,0,0,0,0,0,0,0,0,0,0,0,0,0,0,0,0,0,0,0,0,0,0,0,0,0,0,0,0,0,0,0,0,0,0,0,0,0,0,0,0,0,0,0,0,0,0,0,0,0,0,0,0,0,0,0,0,0,0,0,0,0,0,0,0,0,0,0,0,1,0,0,0,0,0,0,0,0,0,0,0,0,0,0,0,0,0,0,19
202173,118,53.121729,18.00079,2016/09/04/13/21/48,MTAyMTc5OTgwODkwNjI1MTcyMTM=,5.11696e+18,5.11696e+18,5.11696e+18,5.11696e+18,5.11696e+18,5.11696e+18,5.11696e+18,afternoon,13,0,Warsaw,Europe,MostlyCloudy,22.2,7.05,243,1008.48,partly-cloudy-day,364,6,4,595,1172,19,32,213,2102.9775,1,1,1,0,0.2157,0,1,1,1,1,1,0.04628,1,1,1,1,1,1,0,0,0,0,0,0,0,0,0,0,0,0,0,0,0,1,0,0,0,0,0,0,0,0,0,0,0,0,0,0,0,0,0,0,0,0,0,0,0,0,1,0,0,0,0,0,0,0,0,0,0,0,0,0,0,0,0,0,0,0,0,0,0,0,0,0,0,0,0,0,0,0,0,0,0,0,0,0,0,0,0,0,0,0,0,0,0,0,0,0,0,0,0,0,0,0,0,0,0,0,0,0,0,0,0,0,0,0,0,0,0,0,0,0,0,0,0,0,0,0,0,0,0,0,0,0,0,0,1,0,0,0,0,0,0,0,0,0,0,0,0,0,0,0,0,0,0,0,0,0,0,118